elev_ft_NAVD88,area_ft2,volume_ft3
4170,0,0
4170.01,0,0
4170.02,0,0
4170.03,0,0
4170.04,0,0
4170.05,0,0
4170.06,0,0
4170.07,0,0
4170.08,0,0
4170.09,0,0
4170.1,0,0
4170.11,0,0
4170.12,0,0
4170.13,0,0
4170.14,0,0
4170.15,0,0
4170.16,0,0
4170.17,0,0
4170.18,0,0
4170.19,0,0
4170.2,0,0
4170.21,0,0
4170.22,0,0
4170.23,0,0
4170.24,0,0
4170.25,0,0
4170.26,0,0
4170.27,0,0
4170.28,0,0
4170.29,0,0
4170.3,0,0
4170.31,0,0
4170.32,0,0
4170.33,0,0
4170.34,0,0
4170.35,0,0
4170.36,0,0
4170.37,0,0
4170.38,0,0
4170.39,0,0
4170.4,0,0
4170.41,0,0
4170.42,0,0
4170.43,0,0
4170.44,0,0
4170.45,0,0
4170.46,0,0
4170.47,0,0
4170.48,0,0
4170.49,0,0
4170.5,0,0
4170.51,0,0
4170.52,0,0
4170.53,0,0
4170.54,0,0
4170.55,0,0
4170.56,0,0
4170.57,0,0
4170.58,0,0
4170.59,0,0
4170.6,0,0
4170.61,0,0
4170.62,0,0
4170.63,0,0
4170.64,0,0
4170.65,0,0
4170.66,0,0
4170.67,0,0
4170.68,0,0
4170.69,0,0
4170.7,0,0
4170.71,0,0
4170.72,0,0
4170.73,0,0
4170.74,0,0
4170.75,0,0
4170.76,0,0
4170.77,0,0
4170.78,0,0
4170.79,0,0
4170.8,0,0
4170.81,0,0
4170.82,0,0
4170.83,0,0
4170.84,0,0
4170.85,0,0
4170.86,0,0
4170.87,0,0
4170.88,0,0
4170.89,0,0
4170.9,0,0
4170.91,0,0
4170.92,0,0
4170.93,0,0
4170.94,0,0
4170.95,0,0
4170.96,0,0
4170.97,0,0
4170.98,0,0
4170.99,0,0
4171,0,0
4171.01,0,0
4171.02,0,0
4171.03,0,0
4171.04,0,0
4171.05,0,0
4171.06,0,0
4171.07,0,0
4171.08,0,0
4171.09,0,0
4171.1,0,0
4171.11,0,0
4171.12,0,0
4171.13,0,0
4171.14,0,0
4171.15,0,0
4171.16,0,0
4171.17,0,0
4171.18,0,0
4171.19,0,0
4171.2,0,0
4171.21,0,0
4171.22,0,0
4171.23,0,0
4171.24,0,0
4171.25,0,0
4171.26,0,0
4171.27,0,0
4171.28,0,0
4171.29,0,0
4171.3,0,0
4171.31,0,0
4171.32,0,0
4171.33,0,0
4171.34,0,0
4171.35,0,0
4171.36,0,0
4171.37,0,0
4171.38,0,0
4171.39,0,0
4171.4,0,0
4171.41,0,0
4171.42,0,0
4171.43,0,0
4171.44,0,0
4171.45,0,0
4171.46,0,0
4171.47,0,0
4171.48,0,0
4171.49,0,0
4171.5,0,0
4171.51,0,0
4171.52,0,0
4171.53,0,0
4171.54,0,0
4171.55,0,0
4171.56,0,0
4171.57,0,0
4171.58,0,0
4171.59,0,0
4171.6,0,0
4171.61,0,0
4171.62,0,0
4171.63,0,0
4171.64,0,0
4171.65,0,0
4171.66,0,0
4171.67,0,0
4171.68,0,0
4171.69,0,0
4171.7,0,0
4171.71,0,0
4171.72,0,0
4171.73,0,0
4171.74,0,0
4171.75,0,0
4171.76,0,0
4171.77,0,0
4171.78,0,0
4171.79,0,0
4171.8,0,0
4171.81,0,0
4171.82,0,0
4171.83,0,0
4171.84,0,0
4171.85,0,0
4171.86,0,0
4171.87,0,0
4171.88,0,0
4171.89,0,0
4171.9,0,0
4171.91,0,0
4171.92,0,0
4171.93,0,0
4171.94,0,0
4171.95,0,0
4171.96,0,0
4171.97,0,0
4171.98,0,0
4171.99,0,0
4172,0,0
4172.01,0,0
4172.02,0,0
4172.03,0,0
4172.04,0,0
4172.05,0,0
4172.06,0,0
4172.07,0,0
4172.08,0,0
4172.09,0,0
4172.1,0,0
4172.11,0,0
4172.12,0,0
4172.13,0,0
4172.14,0,0
4172.15,0,0
4172.16,0,0
4172.17,0,0
4172.18,0,0
4172.19,0,0
4172.2,0,0
4172.21,0,0
4172.22,0,0
4172.23,0,0
4172.24,0,0
4172.25,0,0
4172.26,0,0
4172.27,0,0
4172.28,0,0
4172.29,0,0
4172.3,0,0
4172.31,0,0
4172.32,0,0
4172.33,0,0
4172.34,0,0
4172.35,0,0
4172.36,0,0
4172.37,0,0
4172.38,0,0
4172.39,0,0
4172.4,0,0
4172.41,0,0
4172.42,0,0
4172.43,0,0
4172.44,0,0
4172.45,0,0
4172.46,0,0
4172.47,0,0
4172.48,0,0
4172.49,0,0
4172.5,0,0
4172.51,0,0
4172.52,0,0
4172.53,0,0
4172.54,0,0
4172.55,0,0
4172.56,0,0
4172.57,0,0
4172.58,0,0
4172.59,0,0
4172.6,0,0
4172.61,0,0
4172.62,0,0
4172.63,0,0
4172.64,0,0
4172.65,0,0
4172.66,0,0
4172.67,0,0
4172.68,0,0
4172.69,0,0
4172.7,0,0
4172.71,0,0
4172.72,0,0
4172.73,0,0
4172.74,0,0
4172.75,0,0
4172.76,0,0
4172.77,0,0
4172.78,0,0
4172.79,0,0
4172.8,0,0
4172.81,0,0
4172.82,0,0
4172.83,0,0
4172.84,0,0
4172.85,0,0
4172.86,0,0
4172.87,0,0
4172.88,0,0
4172.89,0,0
4172.9,0,0
4172.91,0,0
4172.92,0,0
4172.93,0,0
4172.94,0,0
4172.95,0,0
4172.96,0,0
4172.97,0,0
4172.98,0,0
4172.99,0,0
4173,0,0
4173.01,0,0
4173.02,0,0
4173.03,0,0
4173.04,0,0
4173.05,0,0
4173.06,0,0
4173.07,0,0
4173.08,0,0
4173.09,0,0
4173.1,0,0
4173.11,0,0
4173.12,0,0
4173.13,0,0
4173.14,0,0
4173.15,0,0
4173.16,0,0
4173.17,0,0
4173.18,0,0
4173.19,0,0
4173.2,0,0
4173.21,0,0
4173.22,0,0
4173.23,0,0
4173.24,0,0
4173.25,0,0
4173.26,0,0
4173.27,0,0
4173.28,0,0
4173.29,0,0
4173.3,0,0
4173.31,0,0
4173.32,0,0
4173.33,0,0
4173.34,0,0
4173.35,0,0
4173.36,0,0
4173.37,0,0
4173.38,0,0
4173.39,0,0
4173.4,0,0
4173.41,0,0
4173.42,0,0
4173.43,0,0
4173.44,0,0
4173.45,0,0
4173.46,0,0
4173.47,0,0
4173.48,0,0
4173.49,0,0
4173.5,0,0
4173.51,0,0
4173.52,0,0
4173.53,0,0
4173.54,0,0
4173.55,0,0
4173.56,0,0
4173.57,0,0
4173.58,0,0
4173.59,0,0
4173.6,0,0
4173.61,0,0
4173.62,0,0
4173.63,0,0
4173.64,0,0
4173.65,0,0
4173.66,0,0
4173.67,0,0
4173.68,0,0
4173.69,0,0
4173.7,0,0
4173.71,0,0
4173.72,0,0
4173.73,0,0
4173.74,0,0
4173.75,0,0
4173.76,0,0
4173.77,0,0
4173.78,0,0
4173.79,0,0
4173.8,0,0
4173.81,0,0
4173.82,0,0
4173.83,0,0
4173.84,0,0
4173.85,0,0
4173.86,0,0
4173.87,0,0
4173.88,0,0
4173.89,0,0
4173.9,0,0
4173.91,0,0
4173.92,0,0
4173.93,0,0
4173.94,0,0
4173.95,0,0
4173.96,0,0
4173.97,0,0
4173.98,0,0
4173.99,0,0
4174,0,0
4174.01,0,0
4174.02,0,0
4174.03,0,0
4174.04,0,0
4174.05,0,0
4174.06,0,0
4174.07,0,0
4174.08,0,0
4174.09,0,0
4174.1,0,0
4174.11,0,0
4174.12,0,0
4174.13,0,0
4174.14,0,0
4174.15,0,0
4174.16,0,0
4174.17,0,0
4174.18,0,0
4174.19,0,0
4174.2,0,0
4174.21,0,0
4174.22,0,0
4174.23,0,0
4174.24,0,0
4174.25,0,0
4174.26,0,0
4174.27,0,0
4174.28,0,0
4174.29,0,0
4174.3,0,0
4174.31,0,0
4174.32,0,0
4174.33,0,0
4174.34,0,0
4174.35,0,0
4174.36,0,0
4174.37,0,0
4174.38,0,0
4174.39,0,0
4174.4,0,0
4174.41,0,0
4174.42,0,0
4174.43,0,0
4174.44,0,0
4174.45,0,0
4174.46,0,0
4174.47,0,0
4174.48,0,0
4174.49,0,0
4174.5,0,0
4174.51,0,0
4174.52,0,0
4174.53,0,0
4174.54,0,0
4174.55,0,0
4174.56,0,0
4174.57,0,0
4174.58,0,0
4174.59,0,0
4174.6,0,0
4174.61,0,0
4174.62,0,0
4174.63,0,0
4174.64,0,0
4174.65,0,0
4174.66,0,0
4174.67,0,0
4174.68,0,0
4174.69,0,0
4174.7,0,0
4174.71,0,0
4174.72,0,0
4174.73,0,0
4174.74,0,0
4174.75,0,0
4174.76,0,0
4174.77,0,0
4174.78,0,0
4174.79,0,0
4174.8,0,0
4174.81,0,0
4174.82,0,0
4174.83,0,0
4174.84,0,0
4174.85,0,0
4174.86,0,0
4174.87,0,0
4174.88,0,0
4174.89,0,0
4174.9,0,0
4174.91,0,0
4174.92,0,0
4174.93,0,0
4174.94,0,0
4174.95,0,0
4174.96,0,0
4174.97,0,0
4174.98,0,0
4174.99,0,0
4175,0,0
4175.01,0,0
4175.02,0,0
4175.03,0,0
4175.04,0,0
4175.05,0,0
4175.06,0,0
4175.07,0,0
4175.08,0,0
4175.09,0,0
4175.1,0,0
4175.11,0,0
4175.12,0,0
4175.13,0,0
4175.14,0,0
4175.15,0,0
4175.16,0,0
4175.17,0,0
4175.18,0,0
4175.19,0,0
4175.2,0,0
4175.21,0,0
4175.22,0,0
4175.23,0,0
4175.24,0,0
4175.25,0,0
4175.26,0,0
4175.27,0,0
4175.28,0,0
4175.29,0,0
4175.3,0,0
4175.31,0,0
4175.32,0,0
4175.33,0,0
4175.34,0,0
4175.35,0,0
4175.36,0,0
4175.37,0,0
4175.38,0,0
4175.39,0,0
4175.4,0,0
4175.41,0,0
4175.42,0,0
4175.43,0,0
4175.44,0,0
4175.45,0,0
4175.46,0,0
4175.47,0,0
4175.48,0,0
4175.49,0,0
4175.5,0,0
4175.51,0,0
4175.52,0,0
4175.53,0,0
4175.54,0,0
4175.55,0,0
4175.56,0,0
4175.57,0,0
4175.58,0,0
4175.59,0,0
4175.6,0,0
4175.61,0,0
4175.62,0,0
4175.63,0,0
4175.64,0,0
4175.65,0,0
4175.66,0,0
4175.67,0,0
4175.68,0,0
4175.69,0,0
4175.7,0,0
4175.71,0,0
4175.72,0,0
4175.73,0,0
4175.74,0,0
4175.75,0,0
4175.76,0,0
4175.77,0,0
4175.78,0,0
4175.79,0,0
4175.8,0,0
4175.81,0,0
4175.82,0,0
4175.83,0,0
4175.84,0,0
4175.85,0,0
4175.86,0,0
4175.87,0,0
4175.88,0,0
4175.89,0,0
4175.9,0,0
4175.91,0,0
4175.92,0,0
4175.93,0,0
4175.94,0,0
4175.95,0,0
4175.96,0,0
4175.97,0,0
4175.98,0,0
4175.99,0,0
4176,0,0
4176.01,0,0
4176.02,0,0
4176.03,0,0
4176.04,0,0
4176.05,0,0
4176.06,0,0
4176.07,0,0
4176.08,0,0
4176.09,0,0
4176.1,0,0
4176.11,0,0
4176.12,0,0
4176.13,0,0
4176.14,0,0
4176.15,0,0
4176.16,0,0
4176.17,0,0
4176.18,0,0
4176.19,0,0
4176.2,0,0
4176.21,0,0
4176.22,0,0
4176.23,0,0
4176.24,0,0
4176.25,0,0
4176.26,0,0
4176.27,0,0
4176.28,0,0
4176.29,0,0
4176.3,0,0
4176.31,0,0
4176.32,0,0
4176.33,0,0
4176.34,0,0
4176.35,0,0
4176.36,0,0
4176.37,0,0
4176.38,0,0
4176.39,0,0
4176.4,0,0
4176.41,0,0
4176.42,0,0
4176.43,0,0
4176.44,0,0
4176.45,0,0
4176.46,0,0
4176.47,0,0
4176.48,0,0
4176.49,0,0
4176.5,0,0
4176.51,0,0
4176.52,0,0
4176.53,0,0
4176.54,0,0
4176.55,0,0
4176.56,0,0
4176.57,0,0
4176.58,0,0
4176.59,0,0
4176.6,0,0
4176.61,0,0
4176.62,0,0
4176.63,0,0
4176.64,0,0
4176.65,0,0
4176.66,0,0
4176.67,0,0
4176.68,0,0
4176.69,0,0
4176.7,0,0
4176.71,0,0
4176.72,0,0
4176.73,0,0
4176.74,0,0
4176.75,0,0
4176.76,0,0
4176.77,0,0
4176.78,0,0
4176.79,0,0
4176.8,0,0
4176.81,0,0
4176.82,0,0
4176.83,0,0
4176.84,0,0
4176.85,0,0
4176.86,0,0
4176.87,0,0
4176.88,0,0
4176.89,0,0
4176.9,0,0
4176.91,0,0
4176.92,0,0
4176.93,0,0
4176.94,0,0
4176.95,0,0
4176.96,0,0
4176.97,0,0
4176.98,0,0
4176.99,0,0
4177,0,0
4177.01,0,0
4177.02,0,0
4177.03,0,0
4177.04,0,0
4177.05,0,0
4177.06,0,0
4177.07,0,0
4177.08,0,0
4177.09,0,0
4177.1,0,0
4177.11,0,0
4177.12,0,0
4177.13,0,0
4177.14,0,0
4177.15,0,0
4177.16,0,0
4177.17,0,0
4177.18,0,0
4177.19,0,0
4177.2,0,0
4177.21,0,0
4177.22,0,0
4177.23,0,0
4177.24,0,0
4177.25,0,0
4177.26,0,0
4177.27,0,0
4177.28,0,0
4177.29,0,0
4177.3,0,0
4177.31,0,0
4177.32,0,0
4177.33,0,0
4177.34,0,0
4177.35,0,0
4177.36,0,0
4177.37,0,0
4177.38,0,0
4177.39,0,0
4177.4,0,0
4177.41,0,0
4177.42,0,0
4177.43,0,0
4177.44,0,0
4177.45,0,0
4177.46,0,0
4177.47,0,0
4177.48,0,0
4177.49,0,0
4177.5,0,0
4177.51,0,0
4177.52,0,0
4177.53,0,0
4177.54,0,0
4177.55,0,0
4177.56,0,0
4177.57,0,0
4177.58,0,0
4177.59,0,0
4177.6,0,0
4177.61,0,0
4177.62,0,0
4177.63,0,0
4177.64,0,0
4177.65,0,0
4177.66,0,0
4177.67,0,0
4177.68,0,0
4177.69,0,0
4177.7,0,0
4177.71,0,0
4177.72,0,0
4177.73,0,0
4177.74,0,0
4177.75,0,0
4177.76,0,0
4177.77,0,0
4177.78,0,0
4177.79,0,0
4177.8,0,0
4177.81,0,0
4177.82,0,0
4177.83,0,0
4177.84,0,0
4177.85,0,0
4177.86,0,0
4177.87,0,0
4177.88,0,0
4177.89,0,0
4177.9,0,0
4177.91,0,0
4177.92,0,0
4177.93,0,0
4177.94,0,0
4177.95,0,0
4177.96,0,0
4177.97,0,0
4177.98,0,0
4177.99,0,0
4178,0,0
4178.01,0,0
4178.02,0,0
4178.03,0,0
4178.04,0,0
4178.05,0,0
4178.06,0,0
4178.07,0,0
4178.08,0,0
4178.09,0,0
4178.1,0,0
4178.11,0,0
4178.12,0,0
4178.13,0,0
4178.14,0,0
4178.15,0,0
4178.16,0,0
4178.17,0,0
4178.18,0,0
4178.19,0,0
4178.2,0,0
4178.21,0,0
4178.22,0,0
4178.23,0,0
4178.24,0,0
4178.25,0,0
4178.26,0,0
4178.27,0,0
4178.28,0,0
4178.29,0,0
4178.3,0,0
4178.31,0,0
4178.32,0,0
4178.33,0,0
4178.34,0,0
4178.35,0,0
4178.36,0,0
4178.37,0,0
4178.38,0,0
4178.39,0,0
4178.4,0,0
4178.41,0,0
4178.42,0,0
4178.43,0,0
4178.44,0,0
4178.45,0,0
4178.46,0,0
4178.47,0,0
4178.48,0,0
4178.49,0,0
4178.5,0,0
4178.51,0,0
4178.52,0,0
4178.53,0,0
4178.54,0,0
4178.55,0,0
4178.56,0,0
4178.57,0,0
4178.58,0,0
4178.59,0,0
4178.6,0,0
4178.61,0,0
4178.62,0,0
4178.63,0,0
4178.64,0,0
4178.65,0,0
4178.66,0,0
4178.67,0,0
4178.68,0,0
4178.69,0,0
4178.7,0,0
4178.71,0,0
4178.72,0,0
4178.73,0,0
4178.74,0,0
4178.75,0,0
4178.76,0,0
4178.77,0,0
4178.78,0,0
4178.79,0,0
4178.8,0,0
4178.81,0,0
4178.82,0,0
4178.83,0,0
4178.84,0,0
4178.85,0,0
4178.86,0,0
4178.87,0,0
4178.88,0,0
4178.89,0,0
4178.9,0,0
4178.91,0,0
4178.92,0,0
4178.93,0,0
4178.94,0,0
4178.95,0,0
4178.96,0,0
4178.97,0,0
4178.98,0,0
4178.99,0,0
4179,0,0
4179.01,0,0
4179.02,0,0
4179.03,0,0
4179.04,0,0
4179.05,0,0
4179.06,0,0
4179.07,0,0
4179.08,0,0
4179.09,0,0
4179.1,0,0
4179.11,0,0
4179.12,0,0
4179.13,0,0
4179.14,0,0
4179.15,0,0
4179.16,0,0
4179.17,0,0
4179.18,0,0
4179.19,0,0
4179.2,0,0
4179.21,0,0
4179.22,0,0
4179.23,0,0
4179.24,0,0
4179.25,0,0
4179.26,0,0
4179.27,0,0
4179.28,0,0
4179.29,0,0
4179.3,0,0
4179.31,0,0
4179.32,0,0
4179.33,0,0
4179.34,0,0
4179.35,0,0
4179.36,0,0
4179.37,0,0
4179.38,0,0
4179.39,0,0
4179.4,0,0
4179.41,0,0
4179.42,0,0
4179.43,0,0
4179.44,0,0
4179.45,0,0
4179.46,0,0
4179.47,0,0
4179.48,0,0
4179.49,0,0
4179.5,0,0
4179.51,0,0
4179.52,0,0
4179.53,0,0
4179.54,0,0
4179.55,0,0
4179.56,0,0
4179.57,0,0
4179.58,0,0
4179.59,0,0
4179.6,0,0
4179.61,0,0
4179.62,0,0
4179.63,0,0
4179.64,0,0
4179.65,0,0
4179.66,0,0
4179.67,0,0
4179.68,0,0
4179.69,0,0
4179.7,0,0
4179.71,0,0
4179.72,0,0
4179.73,0,0
4179.74,0,0
4179.75,0,0
4179.76,0,0
4179.77,0,0
4179.78,0,0
4179.79,0,0
4179.8,0,0
4179.81,0,0
4179.82,0,0
4179.83,0,0
4179.84,0,0
4179.85,0,0
4179.86,0,0
4179.87,0,0
4179.88,0,0
4179.89,0,0
4179.9,0,0
4179.91,0,0
4179.92,0,0
4179.93,0,0
4179.94,0,0
4179.95,0,0
4179.96,0,0
4179.97,0,0
4179.98,0,0
4179.99,0,0
4180,0,0
4180.01,0,0
4180.02,0,0
4180.03,0,0
4180.04,0,0
4180.05,0,0
4180.06,0,0
4180.07,0,0
4180.08,0,0
4180.09,0,0
4180.1,0,0
4180.11,0,0
4180.12,0,0
4180.13,0,0
4180.14,0,0
4180.15,0,0
4180.16,0,0
4180.17,0,0
4180.18,0,0
4180.19,0,0
4180.2,0,0
4180.21,0,0
4180.22,0,0
4180.23,0,0
4180.24,0,0
4180.25,0,0
4180.26,0,0
4180.27,0,0
4180.28,0,0
4180.29,0,0
4180.3,0,0
4180.31,0,0
4180.32,0,0
4180.33,0,0
4180.34,0,0
4180.35,0,0
4180.36,0,0
4180.37,0,0
4180.38,0,0
4180.39,0,0
4180.4,0,0
4180.41,0,0
4180.42,0,0
4180.43,0,0
4180.44,0,0
4180.45,0,0
4180.46,0,0
4180.47,0,0
4180.48,0,0
4180.49,0,0
4180.5,0,0
4180.51,0,0
4180.52,0,0
4180.53,0,0
4180.54,0,0
4180.55,0,0
4180.56,0,0
4180.57,0,0
4180.58,0,0
4180.59,0,0
4180.6,0,0
4180.61,0,0
4180.62,0,0
4180.63,0,0
4180.64,0,0
4180.65,0,0
4180.66,0,0
4180.67,0,0
4180.68,0,0
4180.69,0,0
4180.7,0,0
4180.71,0,0
4180.72,0,0
4180.73,0,0
4180.74,0,0
4180.75,0,0
4180.76,0,0
4180.77,0,0
4180.78,0,0
4180.79,0,0
4180.8,0,0
4180.81,0,0
4180.82,0,0
4180.83,0,0
4180.84,0,0
4180.85,0,0
4180.86,0,0
4180.87,0,0
4180.88,0,0
4180.89,0,0
4180.9,0,0
4180.91,0,0
4180.92,0,0
4180.93,0,0
4180.94,0,0
4180.95,0,0
4180.96,0,0
4180.97,0,0
4180.98,0,0
4180.99,0,0
4181,0,0
4181.01,0,0
4181.02,0,0
4181.03,0,0
4181.04,0,0
4181.05,0,0
4181.06,0,0
4181.07,0,0
4181.08,0,0
4181.09,0,0
4181.1,0,0
4181.11,0,0
4181.12,0,0
4181.13,0,0
4181.14,0,0
4181.15,0,0
4181.16,0,0
4181.17,0,0
4181.18,0,0
4181.19,0,0
4181.2,0,0
4181.21,0,0
4181.22,0,0
4181.23,0,0
4181.24,0,0
4181.25,0,0
4181.26,0,0
4181.27,0,0
4181.28,0,0
4181.29,0,0
4181.3,0,0
4181.31,0,0
4181.32,0,0
4181.33,0,0
4181.34,0,0
4181.35,0,0
4181.36,0,0
4181.37,0,0
4181.38,0,0
4181.39,0,0
4181.4,0,0
4181.41,0,0
4181.42,0,0
4181.43,0,0
4181.44,0,0
4181.45,0,0
4181.46,0,0
4181.47,0,0
4181.48,0,0
4181.49,0,0
4181.5,0,0
4181.51,0,0
4181.52,0,0
4181.53,0,0
4181.54,0,0
4181.55,0,0
4181.56,0,0
4181.57,0,0
4181.58,0,0
4181.59,0,0
4181.6,0,0
4181.61,0,0
4181.62,0,0
4181.63,0,0
4181.64,0,0
4181.65,0,0
4181.66,0,0
4181.67,0,0
4181.68,0,0
4181.69,0,0
4181.7,0,0
4181.71,0,0
4181.72,0,0
4181.73,0,0
4181.74,0,0
4181.75,0,0
4181.76,0,0
4181.77,0,0
4181.78,0,0
4181.79,0,0
4181.8,0,0
4181.81,0,0
4181.82,0,0
4181.83,0,0
4181.84,0,0
4181.85,0,0
4181.86,0,0
4181.87,0,0
4181.88,0,0
4181.89,0,0
4181.9,0,0
4181.91,0,0
4181.92,0,0
4181.93,0,0
4181.94,0,0
4181.95,0,0
4181.96,0,0
4181.97,0,0
4181.98,0,0
4181.99,0,0
4182,0,0
4182.01,0,0
4182.02,0,0
4182.03,0,0
4182.04,0,0
4182.05,0,0
4182.06,0,0
4182.07,0,0
4182.08,0,0
4182.09,0,0
4182.1,0,0
4182.11,0,0
4182.12,0,0
4182.13,0,0
4182.14,0,0
4182.15,0,0
4182.16,0,0
4182.17,0,0
4182.18,0,0
4182.19,0,0
4182.2,0,0
4182.21,0,0
4182.22,0,0
4182.23,0,0
4182.24,0,0
4182.25,0,0
4182.26,0,0
4182.27,0,0
4182.28,0,0
4182.29,0,0
4182.3,0,0
4182.31,0,0
4182.32,0,0
4182.33,0,0
4182.34,0,0
4182.35,0,0
4182.36,0,0
4182.37,0,0
4182.38,0,0
4182.39,0,0
4182.4,0,0
4182.41,0,0
4182.42,0,0
4182.43,0,0
4182.44,0,0
4182.45,0,0
4182.46,0,0
4182.47,0,0
4182.48,0,0
4182.49,0,0
4182.5,0,0
4182.51,0,0
4182.52,0,0
4182.53,0,0
4182.54,0,0
4182.55,0,0
4182.56,0,0
4182.57,0,0
4182.58,0,0
4182.59,0,0
4182.6,0,0
4182.61,0,0
4182.62,0,0
4182.63,0,0
4182.64,0,0
4182.65,0,0
4182.66,0,0
4182.67,0,0
4182.68,0,0
4182.69,0,0
4182.7,0,0
4182.71,0,0
4182.72,0,0
4182.73,0,0
4182.74,0,0
4182.75,0,0
4182.76,0,0
4182.77,0,0
4182.78,0,0
4182.79,0,0
4182.8,0,0
4182.81,0,0
4182.82,0,0
4182.83,0,0
4182.84,0,0
4182.85,0,0
4182.86,0,0
4182.87,0,0
4182.88,0,0
4182.89,0,0
4182.9,0,0
4182.91,0,0
4182.92,0,0
4182.93,0,0
4182.94,0,0
4182.95,0,0
4182.96,0,0
4182.97,0,0
4182.98,0,0
4182.99,0,0
4183,0,0
4183.01,0,0
4183.02,0,0
4183.03,0,0
4183.04,0,0
4183.05,0,0
4183.06,0,0
4183.07,0,0
4183.08,0,0
4183.09,0,0
4183.1,0,0
4183.11,0,0
4183.12,0,0
4183.13,0,0
4183.14,0,0
4183.15,0,0
4183.16,0,0
4183.17,0,0
4183.18,0,0
4183.19,0,0
4183.2,0,0
4183.21,0,0
4183.22,0,0
4183.23,0,0
4183.24,0,0
4183.25,0,0
4183.26,0,0
4183.27,0,0
4183.28,0,0
4183.29,0,0
4183.3,0,0
4183.31,0,0
4183.32,0,0
4183.33,0,0
4183.34,0,0
4183.35,0,0
4183.36,0,0
4183.37,0,0
4183.38,0,0
4183.39,0,0
4183.4,0,0
4183.41,0,0
4183.42,0,0
4183.43,0,0
4183.44,0,0
4183.45,0,0
4183.46,0,0
4183.47,0,0
4183.48,0,0
4183.49,0,0
4183.5,0,0
4183.51,0,0
4183.52,0,0
4183.53,0,0
4183.54,0,0
4183.55,0,0
4183.56,0,0
4183.57,0,0
4183.58,0,0
4183.59,0,0
4183.6,0,0
4183.61,0,0
4183.62,0,0
4183.63,0,0
4183.64,0,0
4183.65,0,0
4183.66,0,0
4183.67,0,0
4183.68,0,0
4183.69,0,0
4183.7,0,0
4183.71,0,0
4183.72,0,0
4183.73,0,0
4183.74,0,0
4183.75,0,0
4183.76,0,0
4183.77,0,0
4183.78,0,0
4183.79,0,0
4183.8,0,0
4183.81,0,0
4183.82,0,0
4183.83,0,0
4183.84,0,0
4183.85,0,0
4183.86,0,0
4183.87,0,0
4183.88,0,0
4183.89,0,0
4183.9,0,0
4183.91,0,0
4183.92,0,0
4183.93,0,0
4183.94,0,0
4183.95,0,0
4183.96,0,0
4183.97,0,0
4183.98,0,0
4183.99,0,0
4184,0,0
4184.01,0,0
4184.02,0,0
4184.03,0,0
4184.04,0,0
4184.05,0,0
4184.06,0,0
4184.07,0,0
4184.08,0,0
4184.09,0,0
4184.1,0,0
4184.11,0,0
4184.12,0,0
4184.13,0,0
4184.14,0,0
4184.15,0,0
4184.16,0,0
4184.17,0,0
4184.18,0,0
4184.19,0,0
4184.2,0,0
4184.21,0,0
4184.22,0,0
4184.23,0,0
4184.24,0,0
4184.25,0,0
4184.26,0,0
4184.27,0,0
4184.28,0,0
4184.29,0,0
4184.3,0,0
4184.31,0,0
4184.32,0,0
4184.33,0,0
4184.34,0,0
4184.35,0,0
4184.36,0,0
4184.37,0,0
4184.38,0,0
4184.39,0,0
4184.4,0,0
4184.41,0,0
4184.42,0,0
4184.43,0,0
4184.44,0,0
4184.45,0,0
4184.46,0,0
4184.47,0,0
4184.48,0,0
4184.49,0,0
4184.5,0,0
4184.51,0,0
4184.52,0,0
4184.53,0,0
4184.54,0,0
4184.55,0,0
4184.56,0,0
4184.57,0,0
4184.58,0,0
4184.59,0,0
4184.6,0,0
4184.61,0,0
4184.62,0,0
4184.63,0,0
4184.64,0,0
4184.65,0,0
4184.66,0,0
4184.67,0,0
4184.68,0,0
4184.69,0,0
4184.7,0,0
4184.71,0,0
4184.72,0,0
4184.73,0,0
4184.74,0,0
4184.75,0,0
4184.76,0,0
4184.77,0,0
4184.78,0,0
4184.79,0,0
4184.8,0,0
4184.81,0,0
4184.82,0,0
4184.83,0,0
4184.84,0,0
4184.85,0,0
4184.86,0,0
4184.87,0,0
4184.88,0,0
4184.89,0,0
4184.9,0,0
4184.91,0,0
4184.92,0,0
4184.93,0,0
4184.94,0,0
4184.95,0,0
4184.96,0,0
4184.97,0,0
4184.98,0,0
4184.99,0,0
4185,0,0
4185.01,0,0
4185.02,0,0
4185.03,0,0
4185.04,0,0
4185.05,0,0
4185.06,0,0
4185.07,0,0
4185.08,0,0
4185.09,0,0
4185.1,0,0
4185.11,0,0
4185.12,0,0
4185.13,0,0
4185.14,0,0
4185.15,0,0
4185.16,0,0
4185.17,0,0
4185.18,0,0
4185.19,0,0
4185.2,0,0
4185.21,0,0
4185.22,0,0
4185.23,0,0
4185.24,0,0
4185.25,0,0
4185.26,0,0
4185.27,0,0
4185.28,0,0
4185.29,0,0
4185.3,0,0
4185.31,0,0
4185.32,0,0
4185.33,0,0
4185.34,0,0
4185.35,0,0
4185.36,0,0
4185.37,0,0
4185.38,0,0
4185.39,0,0
4185.4,0,0
4185.41,0,0
4185.42,0,0
4185.43,0,0
4185.44,0,0
4185.45,0,0
4185.46,0,0
4185.47,0,0
4185.48,0,0
4185.49,0,0
4185.5,0,0
4185.51,0,0
4185.52,0,0
4185.53,0,0
4185.54,0,0
4185.55,0,0
4185.56,0,0
4185.57,0,0
4185.58,0,0
4185.59,0,0
4185.6,0,0
4185.61,0,0
4185.62,0,0
4185.63,0,0
4185.64,0,0
4185.65,0,0
4185.66,0,0
4185.67,0,0
4185.68,0,0
4185.69,0,0
4185.7,0,0
4185.71,0,0
4185.72,0,0
4185.73,0,0
4185.74,0,0
4185.75,0,0
4185.76,0,0
4185.77,0,0
4185.78,0,0
4185.79,0,0
4185.8,0,0
4185.81,0,0
4185.82,0,0
4185.83,0,0
4185.84,0,0
4185.85,0,0
4185.86,0,0
4185.87,0,0
4185.88,0,0
4185.89,0,0
4185.9,0,0
4185.91,0,0
4185.92,0,0
4185.93,0,0
4185.94,0,0
4185.95,0,0
4185.96,0,0
4185.97,0,0
4185.98,0,0
4185.99,0,0
4186,0,0
4186.01,0,0
4186.02,0,0
4186.03,0,0
4186.04,0,0
4186.05,0,0
4186.06,0,0
4186.07,0,0
4186.08,0,0
4186.09,0,0
4186.1,0,0
4186.11,0,0
4186.12,0,0
4186.13,0,0
4186.14,0,0
4186.15,0,0
4186.16,0,0
4186.17,0,0
4186.18,0,0
4186.19,0,0
4186.2,0,0
4186.21,0,0
4186.22,0,0
4186.23,0,0
4186.24,0,0
4186.25,0,0
4186.26,0,0
4186.27,0,0
4186.28,0,0
4186.29,0,0
4186.3,0,0
4186.31,0,0
4186.32,0,0
4186.33,0,0
4186.34,0,0
4186.35,0,0
4186.36,0,0
4186.37,0,0
4186.38,0,0
4186.39,0,0
4186.4,0,0
4186.41,0,0
4186.42,0,0
4186.43,0,0
4186.44,0,0
4186.45,0,0
4186.46,0,0
4186.47,0,0
4186.48,0,0
4186.49,0,0
4186.5,0,0
4186.51,0,0
4186.52,0,0
4186.53,0,0
4186.54,0,0
4186.55,0,0
4186.56,0,0
4186.57,0,0
4186.58,0,0
4186.59,0,0
4186.6,0,0
4186.61,0,0
4186.62,0,0
4186.63,0,0
4186.64,0,0
4186.65,0,0
4186.66,0,0
4186.67,0,0
4186.68,0,0
4186.69,0,0
4186.7,0,0
4186.71,0,0
4186.72,0,0
4186.73,0,0
4186.74,0,0
4186.75,0,0
4186.76,0,0
4186.77,0,0
4186.78,0,0
4186.79,0,0
4186.8,0,0
4186.81,0,0
4186.82,0,0
4186.83,0,0
4186.84,0,0
4186.85,0,0
4186.86,0,0
4186.87,0,0
4186.88,0,0
4186.89,0,0
4186.9,0,0
4186.91,0,0
4186.92,0,0
4186.93,0,0
4186.94,0,0
4186.95,0,0
4186.96,0,0
4186.97,0,0
4186.98,0,0
4186.99,0,0
4187,0,0
4187.01,0,0
4187.02,0,0
4187.03,0,0
4187.04,0,0
4187.05,0,0
4187.06,0,0
4187.07,0,0
4187.08,0,0
4187.09,0,0
4187.1,0,0
4187.11,0,0
4187.12,0,0
4187.13,0,0
4187.14,0,0
4187.15,0,0
4187.16,0,0
4187.17,0,0
4187.18,0,0
4187.19,0,0
4187.2,0,0
4187.21,0,0
4187.22,0,0
4187.23,0,0
4187.24,0,0
4187.25,0,0
4187.26,0,0
4187.27,0,0
4187.28,0,0
4187.29,0,0
4187.3,0,0
4187.31,0,0
4187.32,0,0
4187.33,0,0
4187.34,0,0
4187.35,0,0
4187.36,0,0
4187.37,0,0
4187.38,0,0
4187.39,0,0
4187.4,0,0
4187.41,0,0
4187.42,0,0
4187.43,0,0
4187.44,0,0
4187.45,0,0
4187.46,0,0
4187.47,0,0
4187.48,0,0
4187.49,0,0
4187.5,0,0
4187.51,0,0
4187.52,0,0
4187.53,0,0
4187.54,0,0
4187.55,0,0
4187.56,0,0
4187.57,0,0
4187.58,0,0
4187.59,0,0
4187.6,0,0
4187.61,0,0
4187.62,0,0
4187.63,0,0
4187.64,0,0
4187.65,0,0
4187.66,0,0
4187.67,0,0
4187.68,0,0
4187.69,0,0
4187.7,0,0
4187.71,0,0
4187.72,0,0
4187.73,0,0
4187.74,0,0
4187.75,0,0
4187.76,0,0
4187.77,0,0
4187.78,0,0
4187.79,0,0
4187.8,0,0
4187.81,0,0
4187.82,0,0
4187.83,0,0
4187.84,0,0
4187.85,0,0
4187.86,0,0
4187.87,0,0
4187.88,0,0
4187.89,0,0
4187.9,0,0
4187.91,0,0
4187.92,0,0
4187.93,0,0
4187.94,0,0
4187.95,0,0
4187.96,0,0
4187.97,0,0
4187.98,0,0
4187.99,0,0
4188,0,0
4188.01,0,0
4188.02,0,0
4188.03,0,0
4188.04,0,0
4188.05,0,0
4188.06,0,0
4188.07,0,0
4188.08,0,0
4188.09,0,0
4188.1,0,0
4188.11,0,0
4188.12,0,0
4188.13,0,0
4188.14,0,0
4188.15,0,0
4188.16,0,0
4188.17,0,0
4188.18,0,0
4188.19,0,0
4188.2,0,0
4188.21,0,0
4188.22,0,0
4188.23,0,0
4188.24,0,0
4188.25,0,0
4188.26,0,0
4188.27,0,0
4188.28,0,0
4188.29,0,0
4188.3,0,0
4188.31,0,0
4188.32,0,0
4188.33,0,0
4188.34,0,0
4188.35,0,0
4188.36,0,0
4188.37,0,0
4188.38,0,0
4188.39,0,0
4188.4,0,0
4188.41,0,0
4188.42,0,0
4188.43,0,0
4188.44,0,0
4188.45,0,0
4188.46,0,0
4188.47,0,0
4188.48,0,0
4188.49,0,0
4188.5,0,0
4188.51,0,0
4188.52,0,0
4188.53,0,0
4188.54,0,0
4188.55,0,0
4188.56,0,0
4188.57,0,0
4188.58,0,0
4188.59,0,0
4188.6,0,0
4188.61,0,0
4188.62,0,0
4188.63,0,0
4188.64,0,0
4188.65,0,0
4188.66,0,0
4188.67,0,0
4188.68,0,0
4188.69,0,0
4188.7,0,0
4188.71,0,0
4188.72,0,0
4188.73,0,0
4188.74,0,0
4188.75,0,0
4188.76,0,0
4188.77,0,0
4188.78,0,0
4188.79,0,0
4188.8,0,0
4188.81,0,0
4188.82,0,0
4188.83,0,0
4188.84,0,0
4188.85,0,0
4188.86,0,0
4188.87,0,0
4188.88,0,0
4188.89,0,0
4188.9,0,0
4188.91,0,0
4188.92,0,0
4188.93,0,0
4188.94,0,0
4188.95,0,0
4188.96,0,0
4188.97,0,0
4188.98,0,0
4188.99,0,0
4189,0,0
4189.01,0,0
4189.02,0,0
4189.03,0,0
4189.04,0,0
4189.05,0,0
4189.06,0,0
4189.07,0,0
4189.08,0,0
4189.09,0,0
4189.1,0,0
4189.11,0,0
4189.12,0,0
4189.13,0,0
4189.14,0,0
4189.15,0,0
4189.16,0,0
4189.17,0,0
4189.18,0,0
4189.19,0,0
4189.2,0,0
4189.21,0,0
4189.22,0,0
4189.23,0,0
4189.24,0,0
4189.25,0,0
4189.26,0,0
4189.27,0,0
4189.28,0,0
4189.29,0,0
4189.3,0,0
4189.31,0,0
4189.32,0,0
4189.33,0,0
4189.34,0,0
4189.35,0,0
4189.36,0,0
4189.37,0,0
4189.38,0,0
4189.39,0,0
4189.4,0,0
4189.41,0,0
4189.42,0,0
4189.43,0,0
4189.44,0,0
4189.45,0,0
4189.46,0,0
4189.47,0,0
4189.48,0,0
4189.49,0,0
4189.5,0,0
4189.51,0,0
4189.52,0,0
4189.53,0,0
4189.54,0,0
4189.55,0,0
4189.56,0,0
4189.57,0,0
4189.58,0,0
4189.59,0,0
4189.6,0,0
4189.61,0,0
4189.62,0,0
4189.63,0,0
4189.64,0,0
4189.65,0,0
4189.66,0,0
4189.67,0,0
4189.68,0,0
4189.69,0,0
4189.7,0,0
4189.71,0,0
4189.72,0,0
4189.73,0,0
4189.74,0,0
4189.75,0,0
4189.76,0,0
4189.77,0,0
4189.78,0,0
4189.79,0,0
4189.8,0,0
4189.81,0,0
4189.82,0,0
4189.83,0,0
4189.84,0,0
4189.85,0,0
4189.86,0,0
4189.87,0,0
4189.88,0,0
4189.89,0,0
4189.9,0,0
4189.91,0,0
4189.92,0,0
4189.93,0,0
4189.94,0,0
4189.95,0,0
4189.96,0,0
4189.97,0,0
4189.98,0,0
4189.99,0,0
4190,0,0
4190.01,0,0
4190.02,0,0
4190.03,0,0
4190.04,0,0
4190.05,0,0
4190.06,0,0
4190.07,0,0
4190.08,0,0
4190.09,0,0
4190.1,0,0
4190.11,0,0
4190.12,0,0
4190.13,0,0
4190.14,0,0
4190.15,0,0
4190.16,0,0
4190.17,0,0
4190.18,0,0
4190.19,0,0
4190.2,0,0
4190.21,0,0
4190.22,0,0
4190.23,0,0
4190.24,0,0
4190.25,0,0
4190.26,0,0
4190.27,0,0
4190.28,0,0
4190.29,0,0
4190.3,0,0
4190.31,0,0
4190.32,0,0
4190.33,0,0
4190.34,0,0
4190.35,0,0
4190.36,0,0
4190.37,0,0
4190.38,0,0
4190.39,0,0
4190.4,0,0
4190.41,0,0
4190.42,0,0
4190.43,0,0
4190.44,0,0
4190.45,0,0
4190.46,0,0
4190.47,0,0
4190.48,0,0
4190.49,0,0
4190.5,0,0
4190.51,0,0
4190.52,0,0
4190.53,0,0
4190.54,0,0
4190.55,0,0
4190.56,0,0
4190.57,0,0
4190.58,0,0
4190.59,0,0
4190.6,0,0
4190.61,0,0
4190.62,0,0
4190.63,0,0
4190.64,0,0
4190.65,0,0
4190.66,0,0
4190.67,0,0
4190.68,0,0
4190.69,0,0
4190.7,0,0
4190.71,0,0
4190.72,0,0
4190.73,0,0
4190.74,0,0
4190.75,0,0
4190.76,0,0
4190.77,0,0
4190.78,0,0
4190.79,0,0
4190.8,0,0
4190.81,0,0
4190.82,0,0
4190.83,0,0
4190.84,0,0
4190.85,0,0
4190.86,0,0
4190.87,0,0
4190.88,0,0
4190.89,0,0
4190.9,0,0
4190.91,0,0
4190.92,0,0
4190.93,0,0
4190.94,0,0
4190.95,0,0
4190.96,0,0
4190.97,0,0
4190.98,0,0
4190.99,0,0
4191,0,0
4191.01,0,0
4191.02,0,0
4191.03,0,0
4191.04,0,0
4191.05,0,0
4191.06,0,0
4191.07,0,0
4191.08,0,0
4191.09,0,0
4191.1,0,0
4191.11,0,0
4191.12,0,0
4191.13,0,0
4191.14,0,0
4191.15,0,0
4191.16,0,0
4191.17,0,0
4191.18,0,0
4191.19,0,0
4191.2,0,0
4191.21,0,0
4191.22,0,0
4191.23,0,0
4191.24,0,0
4191.25,0,0
4191.26,0,0
4191.27,0,0
4191.28,0,0
4191.29,0,0
4191.3,0,0
4191.31,0,0
4191.32,0,0
4191.33,0,0
4191.34,0,0
4191.35,0,0
4191.36,0,0
4191.37,0,0
4191.38,0,0
4191.39,0,0
4191.4,0,0
4191.41,0,0
4191.42,0,0
4191.43,0,0
4191.44,0,0
4191.45,0,0
4191.46,0,0
4191.47,0,0
4191.48,0,0
4191.49,0,0
4191.5,0,0
4191.51,0,0
4191.52,0,0
4191.53,0,0
4191.54,0,0
4191.55,0,0
4191.56,0,0
4191.57,0,0
4191.58,0,0
4191.59,0,0
4191.6,0,0
4191.61,0,0
4191.62,0,0
4191.63,0,0
4191.64,0,0
4191.65,0,0
4191.66,0,0
4191.67,0,0
4191.68,0,0
4191.69,0,0
4191.7,0,0
4191.71,0,0
4191.72,0,0
4191.73,0,0
4191.74,0,0
4191.75,0,0
4191.76,0,0
4191.77,0,0
4191.78,0,0
4191.79,0,0
4191.8,0,0
4191.81,0,0
4191.82,0,0
4191.83,0,0
4191.84,0,0
4191.85,0,0
4191.86,0,0
4191.87,0,0
4191.88,0,0
4191.89,0,0
4191.9,0,0
4191.91,0,0
4191.92,0,0
4191.93,0,0
4191.94,0,0
4191.95,0,0
4191.96,0,0
4191.97,0,0
4191.98,0,0
4191.99,0,0
4192,0,0
4192.01,0,0
4192.02,0,0
4192.03,0,0
4192.04,0,0
4192.05,0,0
4192.06,0,0
4192.07,0,0
4192.08,0,0
4192.09,0,0
4192.1,0,0
4192.11,0,0
4192.12,0,0
4192.13,0,0
4192.14,0,0
4192.15,0,0
4192.16,0,0
4192.17,0,0
4192.18,0,0
4192.19,0,0
4192.2,0,0
4192.21,0,0
4192.22,0,0
4192.23,0,0
4192.24,0,0
4192.25,0,0
4192.26,0,0
4192.27,0,0
4192.28,0,0
4192.29,0,0
4192.3,0,0
4192.31,0,0
4192.32,0,0
4192.33,0,0
4192.34,0,0
4192.35,0,0
4192.36,0,0
4192.37,0,0
4192.38,0,0
4192.39,0,0
4192.4,0,0
4192.41,0,0
4192.42,0,0
4192.43,0,0
4192.44,0,0
4192.45,0,0
4192.46,0,0
4192.47,0,0
4192.48,0,0
4192.49,0,0
4192.5,0,0
4192.51,0,0
4192.52,0,0
4192.53,0,0
4192.54,0,0
4192.55,0,0
4192.56,0,0
4192.57,0,0
4192.58,0,0
4192.59,0,0
4192.6,0,0
4192.61,0,0
4192.62,0,0
4192.63,0,0
4192.64,0,0
4192.65,0,0
4192.66,0,0
4192.67,0,0
4192.68,0,0
4192.69,0,0
4192.7,0,0
4192.71,0,0
4192.72,0,0
4192.73,0,0
4192.74,0,0
4192.75,0,0
4192.76,0,0
4192.77,0,0
4192.78,0,0
4192.79,0,0
4192.8,0,0
4192.81,0,0
4192.82,0,0
4192.83,0,0
4192.84,0,0
4192.85,0,0
4192.86,0,0
4192.87,0,0
4192.88,0,0
4192.89,0,0
4192.9,0,0
4192.91,0,0
4192.92,0,0
4192.93,0,0
4192.94,0,0
4192.95,0,0
4192.96,0,0
4192.97,0,0
4192.98,0,0
4192.99,0,0
4193,0,0
4193.01,0,0
4193.02,0,0
4193.03,0,0
4193.04,0,0
4193.05,0,0
4193.06,0,0
4193.07,0,0
4193.08,0,0
4193.09,0,0
4193.1,0,0
4193.11,0,0
4193.12,0,0
4193.13,0,0
4193.14,0,0
4193.15,0,0
4193.16,0,0
4193.17,0,0
4193.18,0,0
4193.19,0,0
4193.2,0,0
4193.21,0,0
4193.22,0,0
4193.23,0,0
4193.24,0,0
4193.25,0,0
4193.26,0,0
4193.27,0,0
4193.28,0,0
4193.29,0,0
4193.3,0,0
4193.31,0,0
4193.32,0,0
4193.33,0,0
4193.34,0,0
4193.35,0,0
4193.36,0,0
4193.37,0,0
4193.38,0,0
4193.39,0,0
4193.4,0,0
4193.41,0,0
4193.42,0,0
4193.43,0,0
4193.44,0,0
4193.45,0,0
4193.46,0,0
4193.47,0,0
4193.48,0,0
4193.49,0,0
4193.5,0,0
4193.51,0,0
4193.52,0,0
4193.53,0,0
4193.54,0,0
4193.55,0,0
4193.56,0,0
4193.57,0,0
4193.58,0,0
4193.59,0,0
4193.6,0,0
4193.61,0,0
4193.62,0,0
4193.63,0,0
4193.64,0,0
4193.65,0,0
4193.66,0,0
4193.67,0,0
4193.68,0,0
4193.69,0,0
4193.7,0,0
4193.71,0,0
4193.72,0,0
4193.73,0,0
4193.74,0,0
4193.75,0,0
4193.76,0,0
4193.77,0,0
4193.78,0,0
4193.79,0,0
4193.8,0,0
4193.81,0,0
4193.82,0,0
4193.83,0,0
4193.84,0,0
4193.85,0,0
4193.86,0,0
4193.87,0,0
4193.88,0,0
4193.89,0,0
4193.9,0,0
4193.91,0,0
4193.92,0,0
4193.93,0,0
4193.94,0,0
4193.95,0,0
4193.96,0,0
4193.97,0,0
4193.98,0,0
4193.99,0,0
4194,0,0
4194.01,0,0
4194.02,0,0
4194.03,0,0
4194.04,0,0
4194.05,0,0
4194.06,0,0
4194.07,0,0
4194.08,0,0
4194.09,0,0
4194.1,0,0
4194.11,0,0
4194.12,0,0
4194.13,0,0
4194.14,0,0
4194.15,0,0
4194.16,0,0
4194.17,0,0
4194.18,0,0
4194.19,0,0
4194.2,0,0
4194.21,0,0
4194.22,0,0
4194.23,0,0
4194.24,0,0
4194.25,0,0
4194.26,0,0
4194.27,0,0
4194.28,0,0
4194.29,0,0
4194.3,0,0
4194.31,0,0
4194.32,0,0
4194.33,0,0
4194.34,0,0
4194.35,0,0
4194.36,0,0
4194.37,0,0
4194.38,0,0
4194.39,0,0
4194.4,0,0
4194.41,0,0
4194.42,0,0
4194.43,0,0
4194.44,0,0
4194.45,0,0
4194.46,0,0
4194.47,0,0
4194.48,0,0
4194.49,0,0
4194.5,0,0
4194.51,0,0
4194.52,0,0
4194.53,0,0
4194.54,0,0
4194.55,0,0
4194.56,0,0
4194.57,0,0
4194.58,0,0
4194.59,0,0
4194.6,0,0
4194.61,0,0
4194.62,0,0
4194.63,0,0
4194.64,0,0
4194.65,0,0
4194.66,0,0
4194.67,0,0
4194.68,0,0
4194.69,0,0
4194.7,0,0
4194.71,0,0
4194.72,0,0
4194.73,0,0
4194.74,0,0
4194.75,0,0
4194.76,0,0
4194.77,0,0
4194.78,0,0
4194.79,0,0
4194.8,0,0
4194.81,0,0
4194.82,0,0
4194.83,0,0
4194.84,0,0
4194.85,0,0
4194.86,0,0
4194.87,0,0
4194.88,0,0
4194.89,0,0
4194.9,0,0
4194.91,0,0
4194.92,0,0
4194.93,0,0
4194.94,0,0
4194.95,0,0
4194.96,0,0
4194.97,0,0
4194.98,0,0
4194.99,0,0
4195,0,0
4195.01,0,0
4195.02,0,0
4195.03,0,0
4195.04,0,0
4195.05,0,0
4195.06,0,0
4195.07,0,0
4195.08,0,0
4195.09,0,0
4195.1,0,0
4195.11,0,0
4195.12,0,0
4195.13,0,0
4195.14,0,0
4195.15,0,0
4195.16,0,0
4195.17,0,0
4195.18,0,0
4195.19,0,0
4195.2,0,0
4195.21,0,0
4195.22,0,0
4195.23,0,0
4195.24,0,0
4195.25,0,0
4195.26,0,0
4195.27,0,0
4195.28,0,0
4195.29,0,0
4195.3,0,0
4195.31,0,0
4195.32,0,0
4195.33,0,0
4195.34,0,0
4195.35,0,0
4195.36,0,0
4195.37,0,0
4195.38,0,0
4195.39,0,0
4195.4,0,0
4195.41,0,0
4195.42,0,0
4195.43,0,0
4195.44,0,0
4195.45,0,0
4195.46,0,0
4195.47,0,0
4195.48,0,0
4195.49,0,0
4195.5,0,0
4195.51,0,0
4195.52,0,0
4195.53,0,0
4195.54,0,0
4195.55,0,0
4195.56,0,0
4195.57,0,0
4195.58,0,0
4195.59,0,0
4195.6,0,0
4195.61,0,0
4195.62,0,0
4195.63,0,0
4195.64,0,0
4195.65,0,0
4195.66,0,0
4195.67,0,0
4195.68,0,0
4195.69,0,0
4195.7,0,0
4195.71,0,0
4195.72,0,0
4195.73,0,0
4195.74,269.1,0.26
4195.75,269.1,2.89
4195.76,269.1,5.52
4195.77,269.1,8.28
4195.78,269.1,10.91
4195.79,269.1,13.67
4195.8,269.1,16.29
4195.81,538.2,20.23
4195.82,538.2,25.49
4195.83,538.2,31.01
4195.84,538.2,36.27
4195.85,807.29,42.44
4195.86,807.29,50.32
4195.87,1345.49,60.31
4195.88,1345.49,73.45
4195.89,1614.59,87.51
4195.9,208012.57,304.57
4195.91,209358.06,2447.63
4195.92,210972.64,4500.42
4195.93,211779.94,6669.5
4195.94,212587.23,8740.55
4195.95,213394.52,10926.71
4195.96,214740.01,13015.76
4195.97,215278.21,15218.61
4195.98,215547.31,17323.3
4195.99,216085.5,19536.92
4196,216354.6,21649.62
4196.01,216892.79,23765.09
4196.02,217969.19,25994.48
4196.03,219314.67,28130.44
4196.04,220929.26,30387.81
4196.05,221198.36,32545.46
4196.06,221736.55,34818.2
4196.07,222005.65,36985.31
4196.08,222812.95,39266.2
4196.09,224696.63,41449.99
4196.1,224965.73,43754.8
4196.11,225773.02,45955.14
4196.12,226042.12,48270.99
4196.13,227656.71,50486.18
4196.14,228194.9,52822.26
4196.15,230078.59,55055.98
4196.16,231154.98,57419.13
4196.17,231962.27,59682.68
4196.18,233576.86,62066.85
4196.19,234922.34,64352.21
4196.2,237344.22,66770.41
4196.21,240035.2,69098.08
4196.22,242457.08,71571.33
4196.23,245148.06,73948.93
4196.24,250530.01,76488.41
4196.25,255911.97,78955.49
4196.26,264254,81489.84
4196.27,273403.32,84244.94
4196.28,285781.82,86970.35
4196.29,298160.32,89971.29
4196.3,309462.42,92934.78
4196.31,322379.12,96168.29
4196.32,340408.67,99404.56
4196.33,359514.61,102991.52
4196.34,381849.72,106600.82
4196.35,400417.47,110604.04
4196.36,422214.39,114616.59
4196.37,442396.72,119050.01
4196.38,465808.22,123478.95
4196.39,485452.36,128355.03
4196.4,508594.77,133212.98
4196.41,527162.51,138516.23
4196.42,548152.14,143765.87
4196.43,571025.45,149497.08
4196.44,595244.25,155176.51
4196.45,620808.53,161404.92
4196.46,647180.11,167595.87
4196.47,666824.25,174323.18
4196.48,690504.85,180950.11
4196.49,713109.07,188127.06
4196.5,744055.31,195240.28
4196.51,767466.81,202612.35
4196.52,797874.86,210634.83
4196.53,825053.73,218544.17
4196.54,853578.1,227150.96
4196.55,880756.97,235606.91
4196.56,909281.33,244779.1
4196.57,941842.16,253820.94
4196.58,973057.5,263633.81
4196.59,1008578.41,273293.22
4196.6,1038717.36,283767.92
4196.61,1075314.65,294090.21
4196.62,1110028.26,305292.59
4196.63,1149585.63,316325.07
4196.64,1189412.1,328301.5
4196.65,1228969.47,340096.21
4196.66,1269334.14,352877.83
4196.67,1303509.55,365448.69
4196.68,1338223.16,378979.92
4196.69,1378856.92,392252.69
4196.7,1410879.56,406539.57
4196.71,1454204.3,420527.66
4196.72,1492416.18,435626.31
4196.73,1534126.33,450384.77
4196.74,1568032.65,466281.25
4196.75,1613241.07,481796.81
4196.76,1653336.64,497711.68
4196.77,1698814.16,514880.85
4196.78,1737564.24,531648.88
4196.79,1783849.05,549699.06
4196.8,1828788.38,567309.59
4196.81,1870498.53,586245.11
4196.82,1912208.69,604697.49
4196.83,1956340.72,624535.3
4196.84,1994552.6,643807.98
4196.85,2041106.51,664476.08
4196.86,2079318.39,684588.64
4196.87,2124257.72,706124.74
4196.88,2164891.48,727062.07
4196.89,2208485.32,749470.9
4196.9,2254770.13,771228.4
4196.91,2306167.81,794602.46
4196.92,2352452.62,817326.11
4196.93,2402773.9,841679.46
4196.94,2448251.42,865352.17
4196.95,2501263.68,890701.37
4196.96,2548624.89,915345.89
4196.97,2602982.64,941721.93
4196.98,2658147.68,967397.38
4196.99,2712236.33,994918.02
4197,2767132.27,1021651.2
4197.01,2823373.7,1048945.04
4197.02,2871273.1,1078130.72
4197.03,2924016.26,1106406.87
4197.04,2982410.48,1136655.01
4197.05,3033539.05,1166022.41
4197.06,3090587.78,1197406.59
4197.07,3143600.04,1227848.8
4197.08,3208183.5,1260406.21
4197.09,3269537.79,1292021.78
4197.1,3326048.32,1325820.23
4197.11,3377984.19,1358542.41
4197.12,3437723.89,1393480.57
4197.13,3494772.61,1427336.3
4197.14,3556665.1,1463473.85
4197.15,3615059.31,1498488.49
4197.16,3677489.99,1535856.28
4197.17,3735884.21,1572038.63
4197.18,3794009.32,1610619.87
4197.19,3864782.04,1647988.32
4197.2,3936092.94,1687930.94
4197.21,3997716.33,1726668.8
4197.22,4737735.17,1773855.51
4197.23,4811467.96,1820470.66
4197.24,4884931.64,1870175.69
4197.25,4950053.3,1918186.39
4197.26,5025938.87,1966854.19
4197.27,5112588.35,2018796.5
4197.28,5193586.78,2069071.79
4197.29,5276468.89,2122721.31
4197.3,5355583.63,2174609.35
4197.31,5433083.78,2229901.98
4197.32,5517580.48,2283352.05
4197.33,5595080.63,2340315.1
4197.34,5677424.55,2395328.91
4197.35,5751964.63,2453915.75
4197.36,5824351.93,2510424.04
4197.37,5906695.84,2570535.6
4197.38,5986079.68,2628590.28
4197.39,6071114.57,2690372.27
4197.4,6160993.22,2750082.4
4197.41,6252217.37,2813673.83
4197.42,6341019.63,2875145.72
4197.43,6442200.38,2940655.13
4197.44,6531540.84,3003998.22
4197.45,6622495.88,3071412.07
4197.46,6719640.18,3136558.03
4197.47,6820820.93,3205946.89
4197.48,6915274.25,3272988.63
4197.49,7022375.16,3344421.47
4197.5,7122748.62,3413475.92
4197.51,7232809.6,3483527.01
4197.52,7342870.59,3558238.17
4197.53,7460466.31,3630476.07
4197.54,7585865.87,3707630.13
4197.55,7699963.32,3782246.28
4197.56,7825631.97,3861810.79
4197.57,7950493.33,3938808.88
4197.58,8075623.79,4020952.68
4197.59,8207750.79,4100431.13
4197.6,8353601.78,4185284.43
4197.61,8489765.24,4267505.89
4197.62,8643958.26,4355295.35
4197.63,8783081.8,4440363.88
4197.64,8941311.29,4531193.31
4197.65,9094966.11,4619216.4
4197.66,9262344.91,4713262.12
4197.67,9427301.84,4804447.11
4197.68,9596295.23,4901937.36
4197.69,9766095.92,4996451.51
4197.7,9932936.53,5097393.79
4197.71,10100046.24,5195140.26
4197.72,10275767.08,5299564.91
4197.73,10456869.87,5400716.63
4197.74,10649543.87,5508869.23
4197.75,10854596.36,5613793.18
4197.76,11063685.32,5720746.53
4197.77,11310717.07,5835382.04
4197.78,11537297.38,5946889.03
4197.79,11791863.86,6066433.35
4197.8,12025978.91,6182661.11
4197.81,12273279.75,6307145.24
4197.82,12501205.56,6428059.88
4197.83,12763575.87,6557535.58
4197.84,13002534.69,6683292.66
4197.85,13263559.51,6817929.97
4197.86,13508169.38,6948575.75
4197.87,13773768.87,7088322.9
4197.88,14014611.36,7223952.37
4197.89,14311157.09,7369138.76
4197.9,14570567.34,7510084.23
4197.91,14852581.79,7660840.6
4197.92,15136479.93,7807215.46
4197.93,15471506.64,7964007.74
4197.94,15796845.83,8116618.5
4197.95,16150440.29,8280261.86
4197.96,16501612.86,8439574.04
4197.97,16865163.94,8610525.36
4197.98,17225485.84,8776880.6
4197.99,17630477.97,8955446.67
4198,18021207.92,9129377.77
4198.01,18413821.55,9307215.78
4198.02,18867520.37,9498354.69
4198.03,19298614.99,9684632.22
4198.04,19777339.9,9884853.31
4198.05,20245570.01,10080181.76
4198.06,20770579.74,10290363.79
4198.07,21292629.39,10495661.47
4198.08,21879800.7,10716887.42
4198.09,22458360.89,10933338.73
4198.1,23100159.05,11166768.03
4198.11,23721774.87,11395260.15
4198.12,24425734.62,11641943.56
4198.13,25106013.75,11883697.28
4198.14,25835537.78,12144786.76
4198.15,26565600.01,12400478.9
4198.16,27401148.55,12676936.25
4198.17,28209249.13,12948290.73
4198.18,29114224.9,13242027.36
4198.19,29968879.38,13530360.35
4198.2,30869280.49,13842082.91
4198.21,31673613.69,14147320.97
4198.22,32503780.29,14476256.45
4198.23,33218234.84,14796990.76
4198.24,34021491.65,15141607.89
4198.25,34761241.4,15477238.89
4198.26,35566112.8,15820346.82
4198.27,36353492.85,16188821.01
4198.28,37212991.09,16547830.54
4198.29,38080831.37,16933477.98
4198.3,38924991.04,17309390.21
4198.31,39875175.24,17713297.01
4198.32,40768848.9,18107000.04
4198.33,41713920.23,18529714.78
4198.34,42595215.4,18941290.48
4198.35,43552127.03,19383000.13
4198.36,45892470.26,19812354.67
4198.37,46836196.1,20287739.12
4198.38,47741979.16,20749445.44
4198.39,48741408.25,21244018.22
4198.4,49674639.28,21724409.36
4198.41,50664111.74,22238750.31
4198.42,51620216.09,22738057.79
4198.43,52673733.82,23272587.77
4198.44,53661860.8,23791677.88
4198.45,54767045.3,24347462.91
4198.46,55841014.46,24887440.54
4198.47,57082093.33,25466205.97
4198.48,58288996.79,26029416.02
4198.49,59661933.56,26633840.2
4198.5,60931805.89,27222576.04
4198.51,62243119.28,27823736.89
4198.52,63554701.76,28468419.18
4198.53,64868437.03,29095271.9
4198.54,66162259.06,29766814.43
4198.55,67471419.67,30419232.09
4198.56,68737793.73,31117335.28
4198.57,69959766.66,31794463.03
4198.58,71111235.97,32517453.82
4198.59,72249519.5,33217090.78
4198.6,73303844.52,33963063.54
4198.61,74318343.08,34683631.53
4198.62,75262338.02,35450366.86
4198.63,76263381.69,36190085.86
4198.64,77241282.95,36976846.25
4198.65,78203576.55,37735621.65
4198.66,79194663.6,38542330.22
4198.67,80211584.03,39320378.7
4198.68,81234424.62,40147774.82
4198.69,82298975.36,40945908.13
4198.7,83371599.03,41795049.4
4198.71,84516879.1,42614496.36
4198.72,85628791.05,43486448
4198.73,86873099.09,44328396.29
4198.74,88113101.57,45225155.64
4198.75,89469892.48,46091893.77
4198.76,90890190.46,46972062.88
4198.77,92466565.14,47911490.78
4198.78,94042132.53,48821528.56
4198.79,95832978.12,49794191.48
4198.8,97491965.82,50737525.63
4198.81,99355198.71,51745987.1
4198.82,101113483.5,52724108.84
4198.83,102935006.2,53769469.42
4198.84,104611216.2,54782241.83
4198.85,106413902.1,55863446.68
4198.86,108125363.8,56910440.23
4198.87,109921053.2,58027784.19
4198.88,111527835.9,59108494.99
4198.89,113295808.2,60260579.37
4198.9,114853346,61374043.23
4198.91,116462819.7,62559672.72
4198.92,118091130.3,63704700.38
4198.93,119676923.4,64923446.76
4198.94,121321918,66099886.85
4198.95,123001626.2,67351920.16
4198.96,124646620.8,68560866.42
4198.97,126264974.8,69846979.22
4198.98,127862339.1,71087492.43
4198.99,129514061.1,72406881.25
4199,131127033.1,73679246.67
4199.01,132678381.7,74966946.86
4199.02,134407065.7,76335782.52
4199.03,135956261.5,77655569.73
4199.04,137638660.7,79057904.65
4199.05,139217188.2,80409051.07
4199.06,140795177.4,81844255.46
4199.07,142247767.1,83225817.16
4199.08,143814992.5,84692026.53
4199.09,145236097.8,86103426.02
4199.1,146689225.7,87599710.61
4199.11,148014801.2,89038358.75
4199.12,149436175.6,90563133.01
4199.13,150650344.7,92028021.72
4199.14,151970000.1,93579132.09
4199.15,153162103.2,95068515.14
4199.16,154419327.9,96645070.75
4199.17,155595016.1,98158508.36
4199.18,156931355.5,99759948.15
4199.19,158139873.6,101297989.4
4199.2,159463834.6,102925893.2
4199.21,160682309.2,104488731.5
4199.22,162178492.8,106143712.3
4199.23,163535821.9,107733706.9
4199.24,165009670.3,109417666.4
4199.25,166493206.3,111035788.9
4199.26,167853764.5,112668071.7
4199.27,169316310.9,114396500.2
4199.28,170747641.8,116056492
4199.29,172199693.4,117814466.9
4199.3,173516119.6,119502273.6
4199.31,174969785.7,121288669.3
4199.32,176402731.3,123004657.6
4199.33,177865546.7,124820597.5
4199.34,179234177.9,126563984.3
4199.35,180870561.4,128410096.5
4199.36,182289513.9,130183126.3
4199.37,183870194.1,132060101.2
4199.38,185459485.5,133862933.1
4199.39,187107440.2,135772627.1
4199.4,188617885.9,137606783
4199.41,190379399.9,139548907.5
4199.42,191923482.8,141415259.7
4199.43,193626602.5,143391614.7
4199.44,195167725.4,145289747.6
4199.45,197060828.2,147300815.9
4199.46,198703670,149232800.6
4199.47,200476486,151278876.5
4199.48,202335682.5,153245408
4199.49,204255425.9,155329406.4
4199.5,206042773.2,157332435.1
4199.51,208151692.4,159353884.5
4199.52,210147590.4,161497890.7
4199.53,212167976.4,163559398.1
4199.54,214246218.4,165744988.1
4199.55,216584678,167848988
4199.56,218747416.7,170080224.1
4199.57,220936796,172226544.1
4199.58,223467391.4,174504576.8
4199.59,225740998.4,176697402.3
4199.6,228106636.8,179023503.1
4199.61,230848473.9,181263400.4
4199.62,233368305.3,183642604.6
4199.63,235807138.3,185932715.1
4199.64,238601449.4,188363018.3
4199.65,241176715,190704913.4
4199.66,243771624.7,193190356.7
4199.67,246411473.7,195583024.5
4199.68,249446089.2,198125411.5
4199.69,252146485.2,200573759.7
4199.7,254916308.4,203172676.2
4199.71,258100811.3,205676899.6
4199.72,261045548.1,208337653.9
4199.73,264043835.4,210900634
4199.74,267459224.2,213623824.7
4199.75,270472042.7,216249554.3
4199.76,273416779.5,218904236.3
4199.77,276999008.9,221723207.1
4199.78,279967964.5,224441509.2
4199.79,283124481.2,227327792
4199.8,286315173.3,230107490.7
4199.81,290035719,233062548.1
4199.82,293374145.8,235910512.3
4199.83,296792225.5,238935574.5
4199.84,300704099.7,241851881.5
4199.85,304168464.2,244952309.5
4199.86,307672924.4,247939130.3
4199.87,311736300.6,251112052
4199.88,315286507.3,254172946.3
4199.89,318906948.6,257423600.6
4199.9,322440740.4,260554584.7
4199.91,326624403.3,263883104.5
4199.92,330344410.7,267090126.2
4199.93,334212421.9,270496339.4
4199.94,338682673.9,273781412.9
4199.95,342611501.2,277273661.4
4199.96,346508036.8,280637541.6
4199.97,351038028.5,284211792.8
4199.98,354945058.9,287658026.1
4199.99,358880613.6,291316815.5
4200,363337141.6,294839719.3
4200.01,367056072.7,298405196.3
4200.02,371017999,302188158.6
4200.03,374731817.2,305828492.5
4200.04,379092815.5,309693222.9
4200.05,382620148.9,313411671.7
4200.06,386493003.9,317353830.4
4200.07,390438515.3,321146167.5
4200.08,394078869.8,325167219.8
4200.09,397564762.1,329031839.2
4200.1,401720977.1,333126989.9
4200.11,405186148.9,337066083.2
4200.12,408986347.5,341239261.1
4200.13,412537899.7,345249711.5
4200.14,416919080.4,349502690.9
4200.15,420555936.6,353590929.8
4200.16,424511942.8,357922316.7
4200.17,428681074.4,362087701.7
4200.18,432710544.2,366502657
4200.19,436525543.2,370745985
4200.2,441238521.4,375243883
4200.21,445111107.2,379570664.8
4200.22,449355855.3,384155265.8
4200.23,453887461.6,388561995.1
4200.24,458145933.7,393236657.6
4200.25,462103016.2,397728909.9
4200.26,466031036.2,402260331.1
4200.27,470966558.3,407065020.9
4200.28,474861748.3,411682711.8
4200.29,479100038.1,416572911.2
4200.3,483661783.3,421272769.8
4200.31,487801852.3,426252786.3
4200.32,491683049.3,431034653.5
4200.33,496516045.1,436098071.2
4200.34,500174160.1,440963968.1
4200.35,504097336.3,446112257.9
4200.36,507737959.9,451052138.3
4200.37,512202560.9,456283479
4200.38,515636248.3,461301654
4200.39,519437254.2,466607711.9
4200.4,523592392.7,471700826.7
4200.41,527277686.5,477087796.8
4200.42,530737745.5,482253190.3
4200.43,535152294.3,487715950.5
4200.44,538649219.7,492958401.3
4200.45,542458298.5,498500307.2
4200.46,546626084.6,503814366.9
4200.47,550518314.6,509438365.9
4200.48,554087089.1,514831030.1
4200.49,557965595.1,520531669.9
4200.5,562361576.1,526003197.6
4200.51,566123831.9,531512237.5
4200.52,569922146.8,537335604.2
4200.53,574473397.2,542922324.8
4200.54,578337102.9,548831533.9
4200.55,582232831.1,554497051
4200.56,586809107.7,560487546.1
4200.57,590722058.2,566236009.1
4200.58,594637699.7,572312260.8
4200.59,598658827.5,578137591.8
4200.6,603308836.8,584302079
4200.61,607261613.8,590211801.7
4200.62,611185866.5,596457588.1
4200.63,615722047.4,602448300.8
4200.64,619558036,608780235.2
4200.65,623382991.6,614848184.4
4200.66,627859971,621261333.6
4200.67,631450273.3,627409782.1
4200.68,635238362.5,633903582.9
4200.69,639421487.2,640124513
4200.7,643158447.8,646699772.6
4200.71,646616084.9,652996809.3
4200.72,650337976,659645708.7
4200.73,654359373,666018094.7
4200.74,657992192.7,672746133.6
4200.75,661381748.1,679187978.5
4200.76,665495445.6,685666440
4200.77,668896034,692507026.8
4200.78,672285051.2,699055079
4200.79,676269312.6,705966805.3
4200.8,679620387,712586806.7
4200.81,682971730.5,719571911.7
4200.82,686388733.9,726257578.4
4200.83,690252708.6,733318026
4200.84,693477038,740073640.7
4200.85,696731237.2,747200443.5
4200.86,700458241.2,754023145.2
4200.87,703646780.6,761221109.5
4200.88,706885103,768107621.7
4200.89,710710596.8,775374172.1
4200.9,713924431.3,782329716.8
4200.91,717250210.5,789666506.9
4200.92,721067093.2,796687003.9
4200.93,724337976.5,804096784.7
4200.94,727655144.6,811185852.9
4200.95,730952130.3,818663288.1
4200.96,734788388,825821760.5
4200.97,738018368.4,833372010.6
4200.98,741185379.9,840593870
4200.99,744892739.8,848212619.1
4201,748025037.7,855501486.6
4201.01,751011484.7,862820006.2
4201.02,754712924.4,870537678.5
4201.03,757707175.1,877921674.4
4201.04,760878761.3,885706358.3
4201.05,764506737.4,893150404.6
4201.06,767830094.7,901005250.5
4201.07,770930100.9,908517649.6
4201.08,774391505.4,916439325.5
4201.09,778330289.3,924021438
4201.1,782040609.2,932020031.6
4201.11,785521657.9,939672905.8
4201.12,790018281.4,947748785
4201.13,793649486.6,955480227.4
4201.14,797629711.6,963637313.5
4201.15,801962723.7,971444139.2
4201.16,805928417.4,979686339.1
4201.17,809599718.2,987573513.4
4201.18,813470151.3,995893565.4
4201.19,817834647.8,1003860778
4201.2,821653952.3,1012265212
4201.21,825225956,1020305441
4201.22,829673334.7,1028789588
4201.23,833042976.9,1036907258
4201.24,836692211.6,1045466705
4201.25,840720605.1,1053654502
4201.26,843987721,1061879835
4201.27,847509672.5,1070551296
4201.28,851421546.6,1078842790
4201.29,854951032.8,1087590482
4201.3,858174554.9,1095954637
4201.31,861713190.4,1104771588
4201.32,865633944.8,1113206930
4201.33,869084047.2,1122100047
4201.34,872283081.4,1130602299
4201.35,876385745.8,1139566635
4201.36,879532575,1148139736
4201.37,882920784.9,1157175016
4201.38,886723674.5,1165813126
4201.39,890076094.4,1174921971
4201.4,893136543.2,1183628278
4201.41,896462053.3,1192802592
4201.42,900032980.6,1201576510
4201.43,903222865.5,1210820840
4201.44,906246986.1,1219655401
4201.45,910028347.8,1228967621
4201.46,912972008.2,1237868108
4201.47,916161624,1247245224
4201.48,919578089.2,1256207129
4201.49,922673520.7,1265651230
4201.5,925582198.4,1274675102
4201.51,929203447,1283728159
4201.52,932225953,1293270628
4201.53,935243346.2,1302388152
4201.54,938344428.8,1311992834
4201.55,951788283.8,1321251265
4201.56,955095495.3,1331027306
4201.57,958136569.1,1340368840
4201.58,962052210.6,1350213110
4201.59,965191774.1,1359623048
4201.6,968683048.5,1369537324
4201.61,972379106.2,1379013299
4201.62,975821673.9,1389001047
4201.63,979078833.2,1398545912
4201.64,982663215.3,1408603082
4201.65,986572667.6,1418219901
4201.66,990294289.6,1428354604
4201.67,993768072.6,1438041787
4201.68,997908141.7,1448253143
4201.69,1001287202,1458014300
4201.7,1004961463,1468299449
4201.71,1008915316,1478131692
4201.72,1012645819,1488495440
4201.73,1016132249,1498400881
4201.74,1020435392,1508839673
4201.75,1023945772,1518821314
4201.76,1027586395,1528837824
4201.77,1031259042,1539392670
4201.78,1035564606,1549485814
4201.79,1039302374,1560122563
4201.8,1043031800,1570289184
4201.81,1047363197,1581006193
4201.82,1051054680,1591251413
4201.83,1054792179,1602047146
4201.84,1059199462,1612366866
4201.85,1062891753,1623245838
4201.86,1066567628,1633642693
4201.87,1070835518,1644597173
4201.88,1074380612,1655070962
4201.89,1077984908,1666105152
4201.9,1081570635,1676648973
4201.91,1085592570,1687760546
4201.92,1088922655,1698377255
4201.93,1092190040,1709558695
4201.94,1095846272,1720241405
4201.95,1099006556,1731493426
4201.96,1102139392,1742240231
4201.97,1105862628,1753557742
4201.98,1109051168,1764371746
4201.99,1112241053,1775759099
4202,1115396493,1786635347
4202.01,1118916561,1797545828
4202.02,1122230231,1809035174
4202.03,1125258119,1820008271
4202.04,1129056703,1831565342
4202.05,1132119842,1842605267
4202.06,1135443469,1854229734
4202.07,1139062295,1865333545
4202.08,1142431399,1877029485
4202.09,1145571232,1888200355
4202.1,1149544999,1899963581
4202.11,1152706090,1911204134
4202.12,1156112330,1923040151
4202.13,1159302753,1934344719
4202.14,1163230234,1946252265
4202.15,1166384060,1957626221
4202.16,1169744553,1969602617
4202.17,1173461062,1981043634
4202.18,1176712570,1993092409
4202.19,1179847828,2004598647
4202.2,1183380275,2016713003
4202.21,1186399013,2028283622
4202.22,1189481797,2040464037
4202.23,1192491656,2052094142
4202.24,1195980508,2064341090
4202.25,1198862276,2076034297
4202.26,1201682959,2087755220
4202.27,1205244468,2100095275
4202.28,1208029361,2111878233
4202.29,1211078507,2124280223
4202.3,1214372533,2136121847
4202.31,1217431636,2148588823
4202.32,1220271156,2160490966
4202.33,1223823784,2173018651
4202.34,1226661151,2184982915
4202.35,1229809057,2197576364
4202.36,1232677370,2209599651
4202.37,1236200129,2222258009
4202.38,1239091315,2234343615
4202.39,1242180288,2247064241
4202.4,1245481310,2259210366
4202.41,1248503278,2271996184
4202.42,1251297320,2284201615
4202.43,1254773794,2297048014
4202.44,1257581829,2309314594
4202.45,1260622903,2322224362
4202.46,1263445470,2334548135
4202.47,1267096319,2347523334
4202.48,1270014684,2359910706
4202.49,1273200533,2372948752
4202.5,1276672701,2385399238
4202.51,1279695745,2397881038
4202.52,1283037939,2411019699
4202.53,1286775707,2423566205
4202.54,1290213162,2436777772
4202.55,1293425382,2449392735
4202.56,1297466692,2462673460
4202.57,1300685909,2475359363
4202.58,1304195482,2488713926
4202.59,1307411469,2501465506
4202.6,1313491733,2514910431
4202.61,1316703146,2527752508
4202.62,1320149481,2541271064
4202.63,1323946719,2554181483
4202.64,1327381214,2567774266
4202.65,1330548494,2580751942
4202.66,1334509883,2594413775
4202.67,1337648370,2607460684
4202.68,1341045460,2621193552
4202.69,1344175874,2634304399
4202.7,1348119771,2648109553
4202.71,1351271175,2661289538
4202.72,1354634628,2675161910
4202.73,1358318038,2688409287
4202.74,1361696560,2702354156
4202.75,1364814327,2715666584
4202.76,1368676149,2729012207
4202.77,1371911780,2743062172
4202.78,1375239174,2756475266
4202.79,1379099381,2770593529
4202.8,1382353581,2784076403
4202.81,1385619889,2798266724
4202.82,1388997873,2811813679
4202.83,1393105651,2826078600
4202.84,1396569208,2839698950
4202.85,1400093581,2854036257
4202.86,1404340213,2867728975
4202.87,1408017972,2882146678
4202.88,1411776999,2895914113
4202.89,1416228952,2910410552
4202.9,1420008699,2924258346
4202.91,1423894471,2938837763
4202.92,1428554706,2952761061
4202.93,1432598707,2967428788
4202.94,1436716441,2981437631
4202.95,1440921094,2996189861
4202.96,1445988474,3010285964
4202.97,1450343283,3025133966
4202.98,1454726885,3039317532
4202.99,1459883067,3054258735
4203,1464353319,3068535862
4203.01,1468491236,3082854853
4203.02,1473897141,3097936013
4203.03,1478043937,3112348111
4203.04,1482394979,3127525495
4203.05,1486748980,3142022594
4203.06,1491672931,3157294883
4203.07,1495868434,3171881634
4203.08,1500048061,3187240588
4203.09,1504962324,3201913676
4203.1,1509121768,3217366016
4203.11,1513262645,3232123044
4203.12,1517937142,3247661964
4203.13,1522029850,3262504761
4203.14,1526061472,3278131198
4203.15,1530857602,3293053720
4203.16,1534863391,3308770674
4203.17,1538944797,3323778762
4203.18,1542993911,3339579015
4203.19,1547728686,3354671042
4203.2,1551791793,3370561285
4203.21,1555899570,3385734749
4203.22,1560619276,3401712043
4203.23,1564726246,3416971617
4203.24,1568820030,3433036214
4203.25,1573527357,3448377046
4203.26,1577499509,3463761851
4203.27,1581837634,3479958366
4203.28,1585890246,3495424466
4203.29,1590894388,3511713298
4203.3,1594902869,3527267853
4203.31,1599290239,3543643001
4203.32,1603980074,3559283385
4203.33,1608370673,3575751553
4203.34,1612617305,3591477594
4203.35,1618113089,3608038345
4203.36,1622495346,3623860131
4203.37,1627386736,3640520401
4203.38,1632612345,3656434474
4203.39,1637484898,3673198522
4203.4,1641984751,3689210080
4203.41,1646911124,3706070412
4203.42,1652202931,3722180141
4203.43,1657065528,3739144933
4203.44,1661990017,3755349542
4203.45,1667654794,3772419389
4203.46,1672074724,3788725051
4203.47,1677005134,3805893757
4203.48,1682061211,3822292698
4203.49,1686484102,3839561614
4203.5,1690687140,3856049962
4203.51,1695125100,3872581222
4203.52,1701131362,3889999436
4203.53,1705349470,3906631638
4203.54,1709942699,3924140987
4203.55,1714802067,3940863429
4203.56,1719135886,3958468029
4203.57,1723444410,3975276439
4203.58,1728551348,3992973185
4203.59,1732684958,4009872333
4203.6,1737066408,4027660753
4203.61,1741963987,4044644992
4203.62,1746382842,4062528666
4203.63,1750370601,4079601795
4203.64,1754886062,4097572071
4203.65,1760522853,4114742211
4203.66,1764841603,4132815638
4203.67,1768843624,4150068994
4203.68,1773740127,4168230811
4203.69,1777681871,4185571146
4203.7,1781885447,4203820036
4203.71,1786488096,4221241164
4203.72,1790808460,4239581237
4203.73,1794537886,4257086869
4203.74,1799298764,4275508005
4203.75,1803333615,4293097937
4203.76,1807214274,4310726559
4203.77,1811271192,4329276675
4203.78,1816001123,4346987959
4203.79,1819952017,4365628471
4203.8,1823941929,4383419370
4203.81,1828556148,4402144549
4203.82,1832648587,4420020653
4203.83,1836573109,4438831486
4203.84,1841221773,4456786704
4203.85,1845363456,4475686291
4203.86,1849404497,4493725781
4203.87,1853684228,4512710046
4203.88,1858435687,4530836169
4203.89,1862750670,4549913108
4203.9,1867150687,4568124678
4203.91,2029843695,4588219212
4203.92,2034424008,4608063505
4203.93,2039715546,4628950179
4203.94,2046928981,4648899435
4203.95,2052620399,4669916644
4203.96,2058127484,4689987307
4203.97,2065085545,4711122312
4203.98,2070948916,4731316595
4203.99,2077631152,4752584746
4204,2084026798,4772904089
4204.01,2091533011,4793292527
4204.02,2098630196,4814773554
4204.03,2105834212,4835301357
4204.04,2114113812,4856934207
4204.05,2121923298,4877616237
4204.06,2130016951,4899413899
4204.07,2138665753,4920253139
4204.08,2147336890,4942225352
4204.09,2155765839,4963234600
4204.1,2164441013,4985381915
4204.11,2175393561,5006578807
4204.12,2184482876,5028929489
4204.13,2193421227,5050304099
4204.14,2203234415,5072843424
4204.15,2212467698,5094402458
4204.16,2221844140,5117134811
4204.17,2231693387,5138877074
4204.18,2241033232,5161806481
4204.19,2250006566,5183733397
4204.2,2259554424,5206849247
4204.21,2268221255,5228955666
4204.22,2276757843,5252255568
4204.23,2285009188,5274527874
4204.24,2293772357,5298002777
4204.25,2301663379,5320439737
4204.26,2309213186,5342952046
4204.27,2360544391,5366880851
4204.28,2367927357,5389967288
4204.29,2375796045,5414285862
4204.3,2383663656,5437521440
4204.31,2391346128,5462000576
4204.32,2398434970,5485386308
4204.33,2406008458,5510016466
4204.34,2413489914,5533549642
4204.35,2420917819,5558333417
4204.36,2427813718,5582006735
4204.37,2435854629,5606941120
4204.38,2442776899,5630760508
4204.39,2450420621,5655845317
4204.4,2458693225,5679811764
4204.41,2466287971,5705059747
4204.42,2473431440,5729177432
4204.43,2481613088,5754577411
4204.44,2488692781,5778843989
4204.45,2496300713,5804399108
4204.46,2503312863,5828808930
4204.47,2511474059,5854518625
4204.48,2518637980,5879077202
4204.49,2526380461,5904940031
4204.5,2534107872,5929646881
4204.51,2541388581,5954428483
4204.52,2549383206,5980526932
4204.53,2940619058,6006207896
4204.54,2948881436,6036401636
4204.55,2956601043,6065235650
4204.56,2965068474,6095594406
4204.57,2973386285,6124591032
4204.58,2982020018,6155122595
4204.59,2990122282,6184281780
4204.6,2999213481,6214988118
4204.61,3007230980,6244314762
4204.62,3015883011,6275193412
4204.63,3024490910,6304685250
4204.64,3033171197,6335740639
4204.65,3041165015,6365398848
4204.66,3118429171,6396725715
4204.67,3126591982,6427217070
4204.68,3135488893,6459320291
4204.69,3143814777,6489979150
4204.7,3153165655,6522262783
4204.71,3161474049,6553094113
4204.72,3170559865,6585556285
4204.73,3180312776,6616565626
4204.74,3189381101,6649220573
4204.75,3197792559,6680405699
4204.76,3207027456,6711675708
4204.77,3215803003,6744602156
4204.78,3224391796,6776047700
4204.79,3234392007,6809157545
4204.8,3243132033,6840785330
4204.81,3252754969,6874088668
4204.82,3261497686,6905895595
4204.83,3272270208,6939395842
4204.84,3281162005,6971394077
4204.85,3290849255,7005087707
4204.86,3321772624,7037353632
4204.87,3331391255,7071463384
4204.88,3340115942,7104038171
4204.89,3349847594,7138335299
4204.9,3358365076,7171089514
4204.91,3367430980,7205571501
4204.92,3375510909,7238495414
4204.93,3384888966,7273157174
4204.94,3392708140,7306250196
4204.95,3401049632,7341080414
4204.96,3408964335,7374331876
4204.97,3417162129,7409328148
4204.98,3424577656,7442733965
4204.99,3433461112,7477891895
4205,3440833852,7511456967
4205.01,3448526281,7545094693
4205.02,3456428875,7580492930
4205.03,3464052145,7614282884
4205.04,3471514226,7649839549
4205.05,3479076680,7683776415
4205.06,3486844725,7719489806
4205.07,3494233612,7753575338
4205.08,3501492255,7789440340
4205.09,3509058476,7823669836
4205.1,3516182032,7859686283
4205.11,3523373939,7894057123
4205.12,3530774128,7930220539
4205.13,3537839020,7964733542
4205.14,3544695093,8001043705
4205.15,3551613327,8035691904
4205.16,3558809270,8072146786
4205.17,3565594032,8106932163
4205.18,3572257431,8143526035
4205.19,3579333357,8178444663
4205.2,3585978726,8215179104
4205.21,3592646430,8250228977
4205.22,3600397253,8287103440
4205.23,3607026476,8322294183
4205.24,3613516307,8359311790
4205.25,3620520114,8394630682
4205.26,3626968773,8430016503
4205.27,3633891851,8467240171
4205.28,3640308218,8502756445
4205.29,3650165538,8540139535
4205.3,3656549075,8575814613
4205.31,3663359132,8613340876
4205.32,3670075274,8649146230
4205.33,3676879142,8686811090
4205.34,3683117366,8722746158
4205.35,3690926314,8760546892
4205.36,3697176110,8796619217
4205.37,3703916201,8834561480
4205.38,3710198019,8870760571
4205.39,3716916045,8908839604
4205.4,3723384617,8945168117
4205.41,3729636565,8983378473
4205.42,3738169386,9019844764
4205.43,3744184797,9058205204
4205.44,3750215278,9094798169
4205.45,3757236308,9133286000
4205.46,3763189289,9170005736
4205.47,3769048085,9208622113
4205.48,3776024714,9245458367
4205.49,3781841262,9284205955
4205.5,3787855327,9321166553
4205.51,3793500460,9358183441
4205.52,3799984640,9397114354
4205.53,3805683861,9434249825
4205.54,3811781078,9473302577
4205.55,3819676138,9510565141
4205.56,3825865117,9549761601
4205.57,3831431135,9587149111
4205.58,3837784264,9626466261
4205.59,3843279509,9663970101
4205.6,3849190511,9703407265
4205.61,3854614984,9741021769
4205.62,3953161543,9781480909
4205.63,3958277092,9820109400
4205.64,3963737355,9860723694
4205.65,3971113862,9899471401
4205.66,3976330592,9940215894
4205.67,3981124299,9979068965
4205.68,3986432791,10019916570
4205.69,3991123165,10058867999
4205.7,3996160136,10099816716
4205.71,4001024348,10138863123
4205.72,4006188334,10179914110
4205.73,4010929029,10219058667
4205.74,4016114812,10260210921
4205.75,4021221749,10299455349
4205.76,4025979667,10338747697
4205.77,4031105979,10380055178
4205.78,4035987950,10419444373
4205.79,4041075513,10460854133
4205.8,4045725253,10500339502
4205.81,4051853147,10541851966
4205.82,4056473017,10581442594
4205.83,4061470701,10623061893
4205.84,4066281093,10662746123
4205.85,4071183785,10704465713
4205.86,4075666415,10744244139
4205.87,4080543543,10786059680
4205.88,4085308457,10825931505
4205.89,4090189352,10867845783
4205.9,4094668215,10907809942
4205.91,4101458897,10949829625
4205.92,4105898472,10989903574
4205.93,4110796321,11032029075
4205.94,4115532441,11072194801
4205.95,4120393692,11114418998
4205.96,4124911574,11154678135
4205.97,4129793008,11196998407
4205.98,4134490378,11237350883
4205.99,4139353244,11279769279
4206,4143855788,11320213621
4206.01,4149076553,11360705627
4206.02,4153842006,11403272942
4206.03,4158580548,11443859510
4206.04,4163668110,11486525518
4206.05,4168478502,11527208503
4206.06,4173355361,11569975424
4206.07,4217400744,11610753087
4206.08,4222192299,11654021239
4206.09,4226998385,11695275817
4206.1,4231857752,11738642696
4206.11,4236889073,11779993869
4206.12,4241652910,11823461539
4206.13,4246210081,11864904874
4206.14,4251069179,11908468621
4206.15,4255533780,11950003608
4206.16,4260140734,11993661639
4206.17,4264662114,12035284877
4206.18,4269122141,12079036216
4206.19,4273376038,12120746353
4206.2,4277680257,12164586060
4206.21,4282021342,12206380822
4206.22,4286171098,12250308337
4206.23,4290193303,12292183871
4206.24,4304816613,12336261584
4206.25,4308771543,12378318775
4206.26,4312584120,12420414063
4206.27,4319116199,12464664799
4206.28,4322911285,12506861667
4206.29,4326764496,12551207487
4206.3,4384161702,12593504959
4206.31,4387977778,12638478673
4206.32,4391584764,12681346942
4206.33,4395270865,12726396064
4206.34,4399856291,12769343299
4206.35,4403404614,12814476399
4206.36,4406878397,12857494789
4206.37,4410933162,12902702614
4206.38,4414235530,12945793714
4206.39,4417635311,12991073636
4206.4,4421029710,13034230229
4206.41,4424333154,13079579245
4206.42,4427595965,13122800834
4206.43,4430844782,13168216915
4206.44,4434114051,13211502813
4206.45,4437329231,13256985639
4206.46,4440493013,13300333753
4206.47,4444132560,13345884945
4206.48,4447267549,13389299434
4206.49,4450434830,13434916914
4206.5,4453720782,13478393411
4206.51,4456812985,13521901059
4206.52,4460103781,13567617019
4206.53,4464309510,13611188183
4206.54,4467746158,13656981549
4206.55,4470892718,13700626337
4206.56,4474374574,13746487506
4206.57,4477775700,13790199049
4206.58,4481185169,13836130459
4206.59,4484368326,13879906889
4206.6,4487916919,13925906545
4206.61,4491061057,13969748413
4206.62,4494441194,14015815597
4206.63,4497615471,14059721032
4206.64,4500926450,14105855315
4206.65,4503983400,14149823753
4206.66,4507400673,14196023128
4206.67,4510384429,14240054623
4206.68,4513563550,14286318917
4206.69,4516485951,14330410160
4206.7,4520001445,14376739794
4206.71,4522909584,14420893853
4206.72,4525926708,14467286050
4206.73,4528903468,14511498317
4206.74,4531896104,14557951795
4206.75,4534628253,14602221109
4206.76,4537454587,14646517366
4206.77,4540314558,14693058224
4206.78,4542960865,14737409767
4206.79,4545792850,14784007068
4206.8,4548503203,14828412926
4206.81,4551338686,14875067191
4206.82,4553855019,14919525809
4206.83,4556727638,14966235135
4206.84,4559147903,15010745923
4206.85,4561790174,15057508027
4206.86,4564472540,15102068952
4206.87,4567082520,15148885591
4206.88,4569472646,15193497253
4206.89,4572554084,15240365530
4206.9,4575030322,15285031117
4206.91,4577725874,15331956400
4206.92,4580282841,15376672707
4206.93,4583225156,15423653284
4206.94,4585890569,15468423702
4206.95,4588782294,15515461155
4206.96,4596041206,15560306109
4206.97,4598990787,15607448088
4206.98,4601747424,15652372880
4206.99,4604913897,15699574012
4207,4607750188,15744557166
4207.01,4610713761,15789568456
4207.02,4613690252,15836860764
4207.03,4620368182,15881962427
4207.04,4623401990,15929353893
4207.05,4626480737,15974518307
4207.06,4630301656,16021977010
4207.07,4633416732,16067209138
4207.08,4636616843,16114735099
4207.09,4695736006,16160220399
4207.1,4699015500,16208385881
4207.11,4702363077,16254289807
4207.12,4705857849,16302523182
4207.13,4709201389,16348494007
4207.14,4712540623,16396797744
4207.15,4715801011,16442834371
4207.16,4723942295,16491243602
4207.17,4727268613,16537391649
4207.18,4730922960,16585883050
4207.19,4787980566,16632361741
4207.2,4791575712,16681475474
4207.21,4794927055,16728284139
4207.22,4798892480,16777470051
4207.23,4802349040,16824350682
4207.24,4806064473,16873612315
4207.25,4809487666,16920563000
4207.26,4813216554,16967548797
4207.27,4816767029,17016920413
4207.28,4820406038,17063976304
4207.29,4825843966,17113433729
4207.3,4829413548,17160577739
4207.31,4832921237,17210115348
4207.32,4879798067,17257476733
4207.33,4883324862,17307530993
4207.34,4886901710,17355236310
4207.35,4890611222,17405363779
4207.36,4894258573,17453140531
4207.37,4897911037,17503343727
4207.38,4901759673,17551192770
4207.39,4913966486,17601543364
4207.4,4917940791,17649549791
4207.41,4921861814,17699997142
4207.42,4998832923,17748437022
4207.43,5002854051,17799714036
4207.44,5006920925,17848589039
4207.45,5011146567,17899949833
4207.46,5015253537,17948905825
4207.47,5019259327,18000351056
4207.48,5023645620,18049386492
4207.49,5027929118,18100919309
4207.5,5032331020,18150040483
4207.51,5036569847,18199203645
4207.52,5114042824,18251367767
4207.53,5118426426,18301329587
4207.54,5123147208,18353835865
4207.55,5127900820,18403888182
4207.56,5132334475,18456490213
4207.57,5136574648,18506629887
4207.58,5141496715,18559322679
4207.59,5145971542,18609552798
4207.6,5150908679,18662342606
4207.61,5155448358,18712664928
4207.62,5265512302,18766475770
4207.63,5270046330,18817917566
4207.64,5274941756,18871979297
4207.65,5282127205,18923527143
4207.66,5287010791,18977712710
4207.67,5291457093,19029363714
4207.68,5296472537,19083645067
4207.69,5300838379,19135388001
4207.7,5305550550,19189764837
4207.71,5310050134,19241596332
4207.72,5314636098,19296066868
4207.73,5318815186,19347986457
4207.74,5323249110,19402546207
4207.75,5327570820,19454550976
4207.76,5331578224,19506596657
4207.77,5335894821,19561287155
4207.78,5351405078,19613458911
4207.79,5355633411,19668352238
4207.8,5359522681,19720671266
4207.81,5389013643,19775684841
4207.82,5392940586,19828330077
4207.83,5397165421,19883649338
4207.84,5401097478,19936374086
4207.85,5429239183,19991986536
4207.86,5433310363,20045025087
4207.87,5437761778,20100759249
4207.88,5442027785,20153882233
4207.89,5446590876,20209706032
4207.9,5450811943,20262914901
4207.91,5455566363,20318829782
4207.92,5459811380,20372126375
4207.93,5464371241,20428132782
4207.94,5469088525,20481515216
4207.95,5473630088,20537616525
4207.96,5477764237,20591088868
4207.97,5482161025,20647278297
4207.98,5514596185,20701055237
4207.99,5519015847,20757622692
4208,5523060925,20811537599
4208.01,5681135946,20866169153
4208.02,5685509592,20924443954
4208.03,5689757300,20979986615
4208.04,5704986618,21038372276
4208.05,5709344926,21094105613
4208.06,5714036107,21152672057
4208.07,5718448503,21208493846
4208.08,5728590528,21267203928
4208.09,5732986778,21323167784
4208.1,5737744427,21381976998
4208.11,5743080366,21438036057
4208.12,5747927624,21496949244
4208.13,5752418328,21553102405
4208.14,5762281568,21612128277
4208.15,5766692080,21668421120
4208.16,5771511621,21727576146
4208.17,5776280033,21783959850
4208.18,5781176805,21843213350
4208.19,5785687153,21899691411
4208.2,5790545982,21959041136
4208.21,5797843644,22015631947
4208.22,5802805000,22075106845
4208.23,5807467118,22131796513
4208.24,5814048442,22191379018
4208.25,5818835961,22248179121
4208.26,5823890962,22305027442
4208.27,5829266997,22364770473
4208.28,5834342719,22421720775
4208.29,5839438085,22481570319
4208.3,5844506272,22538619618
4208.31,5850126648,22598578197
4208.32,5855178420,22655731609
4208.33,5860370662,22715795435
4208.34,5866107019,22773053316
4208.35,5871461257,22833229963
4208.36,5876806615,22890593091
4208.37,5887272634,22950899429
4208.38,5892819815,23008417652
4208.39,5898577431,23068870256
4208.4,5905825041,23126501095
4208.41,5911770487,23187087681
4208.42,5917702747,23244847284
4208.43,5923800502,23305556331
4208.44,5930335272,23363437733
4208.45,5936435718,23424276232
4208.46,5942555540,23482277552
4208.47,5963002395,23543325393
4208.48,5969169308,23601586273
4208.49,5975573028,23662824527
4208.5,5982328458,23721209647
4208.51,5988588210,23779659678
4208.52,5995340949,23841098638
4208.53,6001654252,23899675834
4208.54,6009111489,23961256825
4208.55,6014896821,24019966448
4208.56,6020990002,24081671994
4208.57,6026826732,24140501217
4208.58,6031591916,24202322644
4208.59,6035893712,24261244632
4208.6,6041100216,24323160961
4208.61,6045390172,24382175597
4208.62,6050068437,24444187053
4208.63,6075138123,24503309116
4208.64,6079461447,24565624531
4208.65,6083683322,24625014222
4208.66,6087914615,24687416772
4208.67,6116680358,24747092943
4208.68,6120870480,24809833468
4208.69,6124986868,24869627082
4208.7,6129754204,24932456230
4208.71,6133904230,24992336559
4208.72,6138183422,25055254072
4208.73,6151246773,25115242947
4208.74,6155578978,25178338466
4208.75,6159862476,25238471599
4208.76,6175718254,25298645935
4208.77,6180316059,25361993734
4208.78,6184576683,25422368268
4208.79,6189293160,25485807344
4208.8,6194602728,25546276808
4208.81,6199455368,25609819417
4208.82,6203899517,25670381791
4208.83,6237848083,25734161871
4208.84,6242316183,25795099063
4208.85,6247194387,25859131129
4208.86,6254142222,25920163639
4208.87,6259050565,25984317060
4208.88,6263600201,26045461801
4208.89,6268474638,26109712104
4208.9,6277211435,26170985274
4208.91,6282132694,26235375314
4208.92,6286669145,26296745167
4208.93,6302577397,26361301959
4208.94,6307107927,26422871287
4208.95,6312086504,26487567978
4208.96,6317906282,26549235017
4208.97,6322978505,26614042747
4208.98,6327734539,26675812705
4208.99,6333681331,26740722222
4209,6338382468,26802596435
4209.01,6343167027,26864517283
4209.02,6348319711,26929585445
4209.03,6353474547,26991606462
4209.04,6358511519,27056779709
4209.05,6363123855,27118896503
4209.06,6368641973,27184170815
4209.07,6373207755,27246386414
4209.08,6378119866,27311761309
4209.09,6383708488,27374070768
4209.1,6388548480,27439552832
4209.11,6393014427,27501962197
4209.12,6397823473,27567539772
4209.13,6410207352,27630113624
4209.14,6415041693,27695867522
4209.15,6419395426,27758534963
4209.16,6424682658,27824386186
4209.17,6429083214,27887148047
4209.18,6433819604,27953094645
4209.19,6439074276,28015948971
4209.2,6443794250,28081998311
4209.21,6448271768,28144947017
4209.22,6455268579,28211093063
4209.23,6459782963,28274154125
4209.24,6464697495,28340416498
4209.25,6469288841,28403569912
4209.26,6500435293,28466974084
4209.27,6505353054,28533652856
4209.28,6510365000,28597204785
4209.29,6518394339,28664002106
4209.3,6523473290,28727681534
4209.31,6528418500,28794596733
4209.32,6533676939,28858374468
4209.33,6538428667,28925393290
4209.34,6543328399,28989267760
4209.35,6548145518,29056385841
4209.36,6553551961,29120359718
4209.37,6558423169,29187582788
4209.38,6563361920,29251652578
4209.39,6568647538,29318979157
4209.4,6573591402,29383148607
4209.41,6578451846,29450577139
4209.42,6584165061,29514845259
4209.43,6589058873,29582382343
4209.44,6593909360,29646750620
4209.45,6599844849,29714388157
4209.46,6604698027,29778861995
4209.47,6609364182,29846608614
4209.48,6614148202,29911175295
4209.49,6621289519,29979039012
4209.5,6625965900,30043721559
4209.51,6630412202,30108448279
4209.52,6635242507,30176460053
4209.53,6639718410,30241278478
4209.54,6644061648,30309383100
4209.55,6660213971,30374321810
4209.56,6664545638,30442636483
4209.57,6668939735,30507740535
4209.58,6691741196,30576144660
4209.59,6696125606,30641514376
4209.6,6700505441,30710197337
4209.61,6704989417,30775653131
4209.62,6713953063,30844460701
4209.63,6718449956,30910047646
4209.64,6722912404,30978959760
4209.65,6727779575,31044636136
4209.66,6732274853,31113644190
4209.67,6736823951,31179410311
4209.68,6741526165,31248511463
4209.69,6746107286,31314368055
4209.7,6750618440,31383563910
4209.71,6755269257,31449509599
4209.72,6760062965,31518802274
4209.73,6764626324,31584839773
4209.74,6769140978,31654225689
4209.75,6773991196,31720353555
4209.76,6778358114,31786525900
4209.77,6783018887,31856052873
4209.78,6791945129,31922326276
4209.79,6796596753,31991992728
4209.8,6800786874,32058384751
4209.81,6806329750,32128141406
4209.82,6810547050,32194628892
4209.83,6815051208,32264485253
4209.84,6819216842,32331057571
4209.85,6824484161,32401008409
4209.86,6828630150,32467672735
4209.87,6833053848,32537714040
4209.88,6837973494,32604465412
4209.89,6842366784,32674602246
4209.9,6846447113,32741440786
4209.91,6851862436,32811666690
4209.92,6855941689,32878598069
4209.93,6860343052,32948919089
4209.94,6864424996,33015933074
4209.95,6869392003,33086346021
4209.96,6873521308,33153448597
4209.97,6877989945,33223950207
4209.98,6885410854,33291157654
4209.99,6889810064,33361780901
4210,6893925376,33429082992
4210.01,6902009073,33496439020
4210.02,6906368995,33567233018
4210.03,6910346529,33634696622
4210.04,6914858222,33705575652
4210.05,6918824723,33773121892
4210.06,6922982553,33844087239
4210.07,6926814505,33911712232
4210.08,6934143113,33982784290
4210.09,6937855317,34050517673
4210.1,6941828545,34121677101
4210.11,6946836724,34189491991
4210.12,6950709579,34260743279
4210.13,6954261400,34328637773
4210.14,6958949352,34399966786
4210.15,6962443048,34467941503
4210.16,6966266120,34539352465
4210.17,6969737481,34607398562
4210.18,6981230108,34678955728
4210.19,6984708466,34747147891
4210.2,6988462380,34818786661
4210.21,6992174852,34887050769
4210.22,6995908584,34958766081
4210.23,6999374025,35027101379
4210.24,7003317383,35098891198
4210.25,7006784708,35167298960
4210.26,7010365323,35235741002
4210.27,7014227952,35307642569
4210.28,7017806414,35376157273
4210.29,7021503817,35448135125
4210.3,7025053755,35516720753
4210.31,7028985811,35588774623
4210.32,7032655767,35657433902
4210.33,7036341868,35729563992
4210.34,7040018551,35798295529
4210.35,7043279477,35870499054
4210.36,7046457522,35939295640
4210.37,7049873987,36011565329
4210.38,7053068716,36080426366
4210.39,7056207203,36152763015
4210.4,7059150056,36221685213
4210.41,7062456729,36294087068
4210.42,7065179191,36363069231
4210.43,7068127964,36435529618
4210.44,7071057632,36504568543
4210.45,7073945320,36577088798
4210.46,7076600238,36646182840
4210.47,7079696477,36718760971
4210.48,7082360545,36787911196
4210.49,7085213250,36860547139
4210.5,7088052770,36929751230
4210.51,7090746169,36998983183
4210.52,7093447911,37071704333
4210.53,7096109826,37140988844
4210.54,7099005049,37213766679
4210.55,7101644898,37283105267
4210.56,7104302507,37355937987
4210.57,7107056992,37425329133
4210.58,7109613690,37498216679
4210.59,7112187610,37567658513
4210.6,7114962008,37640599510
4210.61,7117465693,37710093320
4210.62,7120034770,37783087675
4210.63,7122728976,37852630954
4210.64,7125180726,37925678785
4210.65,7127502771,37995271507
4210.66,7129886977,38068367816
4210.67,7132397928,38138007606
4210.68,7134735849,38211153967
4210.69,7137005420,38280839637
4210.7,7139467126,38354033737
4210.71,7141689874,38423765512
4210.72,7143941684,38497006828
4210.73,7147753453,38566784478
4210.74,7150003649,38640087689
4210.75,7152218862,38709922154
4210.76,7154355498,38779777977
4210.77,7156888515,38853151091
4210.78,7159036184,38923052481
4210.79,7161308715,38996471593
4210.8,7163624301,39066417284
4210.81,7165920781,39139883555
4210.82,7167987721,39209872657
4210.83,7171088535,39283386341
4210.84,7173128296,39353425965
4210.85,7175356964,39426989257
4210.86,7177857958,39497070675
4210.87,7180024733,39570682112
4210.88,7182027359,39640808769
4210.89,7184221044,39714463253
4210.9,7186926553,39784635909
4210.91,7189095481,39858340411
4210.92,7191083575,39928555574
4210.93,7193439795,40002303673
4210.94,7195363575,40072560901
4210.95,7197505324,40146351767
4210.96,7199673175,40216649454
4210.97,7201803353,40290484337
4210.98,7203766691,40360823256
4210.99,7205870766,40434699996
4211,7208032697,40505080609
4211.01,7209995227,40575480810
4211.02,7212100648,40649421763
4211.03,7215133111,40719868075
4211.04,7217241223,40793861835
4211.05,7219144551,40864351631
4211.06,7221405241,40938387036
4211.07,7223308839,41008917455
4211.08,7225320345,41082994491
4211.09,7227425497,41153563025
4211.1,7229378070,41227681936
4211.11,7231234037,41298290001
4211.12,7233237739,41372448242
4211.13,7237397990,41443112144
4211.14,7239432639,41517333669
4211.15,7241278649,41588039906
4211.16,7243496015,41662302040
4211.17,7245351175,41733047922
4211.18,7247412733,41807351224
4211.19,7251089954,41878139887
4211.2,7253064862,41952501582
4211.21,7254886923,42023340749
4211.22,7257110478,42097741562
4211.23,7258917200,42168620088
4211.24,7260866813,42243062018
4211.25,7262639091,42313977213
4211.26,7264612116,42384910633
4211.27,7266395965,42459409876
4211.28,7268061949,42530378853
4211.29,7269975503,42604914352
4211.3,7271501288,42675917523
4211.31,7273168079,42750487328
4211.32,7274790201,42821521546
4211.33,7276343971,42896124337
4211.34,7277737897,42967188993
4211.35,7279245652,43041821793
4211.36,7280710351,43112915753
4211.37,7282150563,43187578648
4211.38,7283411016,43258699463
4211.39,7284887825,43333390336
4211.4,7286141551,43404537789
4211.41,7287502917,43479256050
4211.42,7288871548,43550429348
4211.43,7290204389,43625175431
4211.44,7291422864,43696374660
4211.45,7293090732,43771146945
4211.46,7294295483,43842374191
4211.47,7295619444,43917175779
4211.48,7296790019,43988427593
4211.49,7298163225,44063255356
4211.5,7299342680,44134532048
4211.51,7300531554,44205820218
4211.52,7322139028,44280764827
4211.53,7323322520,44352275661
4211.54,7324432548,44427373695
4211.55,7326808950,44498907860
4211.56,7327908215,44574041588
4211.57,7328987566,44645608217
4211.58,7330065841,44720764212
4211.59,7331184749,44792352408
4211.6,7332203284,44867530750
4211.61,7333259762,44939139171
4211.62,7334351492,45014339209
4211.63,7335364645,45085968400
4211.64,7336395289,45161189559
4211.65,7337449345,45232838896
4211.66,7338401413,45308081126
4211.67,7339377161,45379749671
4211.68,7347219208,45455015137
4211.69,7348187691,45526769816
4211.7,7349108813,45602121863
4211.71,7350079179,45673894994
4211.72,7351073765,45749266976
4211.73,7352027985,45821059173
4211.74,7352997545,45896450883
4211.75,7354003163,45968262095
4211.76,7354919172,46040082699
4211.77,7355908106,46115504040
4211.78,7357666122,46187344389
4211.79,7358658554,46262793967
4211.8,7359578599,46334660069
4211.81,7360588523,46410129276
4211.82,7361604906,46482014856
4211.83,7362647659,46557505014
4211.84,7363634172,46629410227
4211.85,7365003341,46704923761
4211.86,7365809289,46776851242
4211.87,7366682242,46852383718
4211.88,7367558693,46924327801
4211.89,7368375943,46999878194
4211.9,7369200459,47071838867
4211.91,7370102205,47147406168
4211.92,7370916764,47219383625
4211.93,7371725941,47294968322
4211.94,7372554493,47366961676
4211.95,7373457585,47442563754
4211.96,7374298516,47514574066
4211.97,7375107424,47590193397
4211.98,7375975533,47662220002
4211.99,7376747844,47737856302
4212,7377546795,47809898622
4212.01,7378337942,47881948491
4212.02,7379163265,47957609274
4212.03,7379904361,48029674835
4212.04,7380710846,48105351572
4212.05,7381914790,48177436639
4212.06,7382714818,48253133926
4212.07,7383444072,48325234079
4212.08,7384236565,48400947092
4212.09,7384947791,48473062028
4212.1,7385740553,48548790461
4212.11,7386491066,48620920217
4212.12,7387269297,48696664362
4212.13,7387945271,48768808739
4212.14,7389280803,48844568125
4212.15,7389945743,48916732131
4212.16,7390666925,48992511462
4212.17,7391338324,49064689001
4212.18,7393724952,49140496439
4212.19,7394376976,49212703821
4212.2,7395090354,49288528414
4212.21,7412255024,49360837736
4212.22,7412963289,49436845735
4212.23,7413594324,49509240869
4212.24,7414332997,49585262665
4212.25,7414978024,49657671231
4212.26,7415616055,49730086154
4212.27,7416289876,49806128552
4212.28,7416944053,49878556489
4212.29,7417604419,49954612428
4212.3,7418212579,50027052836
4212.31,7418902546,50103121932
4212.32,7419499405,50175574984
4212.33,7420135283,50251656888
4212.34,7420770085,50324122042
4212.35,7421399235,50400217004
4212.36,7421948195,50472694133
4212.37,7422578422,50548801045
4212.38,7423148371,50621289822
4212.39,7423767026,50697409198
4212.4,7424346125,50769909649
4212.41,7424987654,50846041568
4212.42,7425551683,50918553824
4212.43,7426159305,50994697698
4212.44,7426866494,51067222247
4212.45,7427490263,51143379744
4212.46,7428045143,51215916425
4212.47,7428695821,51292086049
4212.48,7429260388,51364634568
4212.49,7429858054,51440816452
4212.5,7430457335,51513376297
4212.51,7431032666,51585942001
4212.52,7431625757,51662141979
4212.53,7432222616,51734719201
4212.54,7432854996,51810931695
4212.55,7433440822,51883520895
4212.56,7434048444,51959745634
4212.57,7434684592,52032346679
4212.58,7435251850,52108584051
4212.59,7435834446,52181196586
4212.6,7436474899,52257445877
4212.61,7437036237,52330070312
4212.62,7437594346,52406331578
4212.63,7438145996,52478966849
4212.64,7438744470,52555239981
4212.65,7439299349,52627886529
4212.66,7439875487,52704171243
4212.67,7440466695,52776829074
4212.68,7441033146,52853125743
4212.69,7441586680,52925794615
4212.7,7442192419,53002102825
4212.71,7442777169,53074783205
4212.72,7443332586,53151103354
4212.73,7443932674,53223794681
4212.74,7444491052,53300126771
4212.75,7445041895,53372829520
4212.76,7445595429,53445537664
4212.77,7446181524,53521887099
4212.78,7446708956,53594606244
4212.79,7447240424,53670966760
4212.8,7448788813,53743700656
4212.81,7449325663,53820082480
4212.82,7449829414,53892832166
4212.83,7450400439,53969224769
4212.84,7450907688,54041984977
4212.85,7451413323,54118388442
4212.86,7451906310,54191158475
4212.87,7452454193,54267572439
4212.88,7452958751,54340352674
4212.89,7453463041,54416777113
4212.9,7454109413,54489568178
4212.91,7454599171,54566004313
4212.92,7455092428,54638805408
4212.93,7455629816,54715251842
4212.94,7456108541,54788062930
4212.95,7456564661,54864519440
4212.96,7457063030,54937339681
4212.97,7457568396,55013806211
4212.98,7458058423,55086636311
4212.99,7458557869,55163112962
4213,7459937264,55235959683
4213.01,7460418141,55308812891
4213.02,7460930234,55385313777
4213.03,7461435062,55458176751
4213.04,7461958457,55534688162
4213.05,7462433953,55607561073
4213.06,7462953042,55684082603
4213.07,7463405934,55756965113
4213.08,7463895961,55833496531
4213.09,7464363114,55906388336
4213.1,7464872247,55982929801
4213.11,7465307379,56055830986
4213.12,7465806824,56132381944
4213.13,7466283934,56205292471
4213.14,7466742477,56281853228
4213.15,7467180030,56354772681
4213.16,7467685395,56431342825
4213.17,7468125101,56504271468
4213.18,7468600059,56580851182
4213.19,7469068289,56653788785
4213.2,7469528984,56730378108
4213.21,7469971381,56803324733
4213.22,7470417545,56879923259
4213.23,7470861287,56952878709
4213.24,7471313910,57029486343
4213.25,7471742851,57102450387
4213.26,7472173408,57175418637
4213.27,7472619841,57252039835
4213.28,7473035866,57325016635
4213.29,7473507864,57401646768
4213.3,7473927387,57474632215
4213.31,7474373013,57551271389
4213.32,7474762936,57624265124
4213.33,7475227398,57700913129
4213.34,7475644500,57773915396
4213.35,7476084206,57850572143
4213.36,7476517722,57923582843
4213.37,7476940744,58000248461
4213.38,7477350042,58073267408
4213.39,7477818272,58149941735
4213.4,7478201736,58222969082
4213.41,7478618568,58299651928
4213.42,7479028673,58372687200
4213.43,7479450080,58449378561
4213.44,7479837312,58522421867
4213.45,7480262217,58599121479
4213.46,7480696541,58672173063
4213.47,7481130327,58748881547
4213.48,7481516751,58821941238
4213.49,7481963723,58898658218
4213.5,7482336692,58971726027
4213.51,7482740070,59044797570
4213.52,7483188387,59121526999
4213.53,7483604412,59194606906
4213.54,7483997025,59271344984
4213.55,7484433233,59344432753
4213.56,7484838763,59421179377
4213.57,7485248330,59494275387
4213.58,7485639867,59571030389
4213.59,7486452004,59644136981
4213.6,7486831701,59720904167
4213.61,7487209514,59794019469
4213.62,7487639263,59870794640
4213.63,7488006313,59943917885
4213.64,7488407538,60020701214
4213.65,7488810108,60093832026
4213.66,7489213754,60170623675
4213.67,7489579727,60243762239
4213.68,7489984450,60320561713
4213.69,7490384599,60393708133
4213.7,7490768063,60470515747
4213.71,7491118698,60543669460
4213.72,7491523959,60620484755
4213.73,7491875670,60693645826
4213.74,7492265592,60770468766
4213.75,7492635332,60843637135
4213.76,7493004804,60916809177
4213.77,7493360013,60993643481
4213.78,7493749666,61066822519
4213.79,7494118330,61143664573
4213.8,7494490223,61216851063
4213.81,7494828210,61293700491
4213.82,7495213558,61366894038
4213.83,7495567960,61443751000
4213.84,7495942006,61516951648
4213.85,7496313092,61593816121
4213.86,7496677988,61667023982
4213.87,7497022433,61743895933
4213.88,7497412087,61817110830
4213.89,7497746575,61893990251
4213.9,7498091290,61967212032
4213.91,7498435466,62044098401
4213.92,7498812741,62117327176
4213.93,7499162299,62194221022
4213.94,7499502169,62267456617
4213.95,7499868680,62344357609
4213.96,7500211511,62417600094
4213.97,7500536312,62494508146
4213.98,7500881026,62567757148
4213.99,7501206365,62644672080
4214,7501536279,62717927600
4214.01,7502082278,62791186355
4214.02,7502422418,62868113684
4214.03,7502714389,62941380854
4214.04,7503063140,63018314679
4214.05,7503382290,63091588310
4214.06,7503736422,63168528964
4214.07,7504049383,63241809082
4214.08,7504416432,63318756622
4214.09,7504744194,63392043413
4214.1,7505073569,63468997938
4214.11,7505411018,63542291156
4214.12,7505744699,63619252571
4214.13,7506061427,63692552290
4214.14,7506437357,63769520462
4214.15,7506767809,63842827045
4214.16,7507121403,63919802405
4214.17,7507436248,63993115557
4214.18,7507790111,64070097799
4214.19,7508100112,64143417446
4214.2,7508445633,64220406440
4214.21,7508788464,64293732642
4214.22,7509127796,64370728688
4214.23,7509431607,64444061404
4214.24,7509771478,64521064056
4214.25,7510103275,64594403244
4214.26,7510416236,64667745519
4214.27,7510750725,64744758227
4214.28,7511072296,64818107000
4214.29,7511395214,64895126383
4214.3,7511691759,64968481236
4214.31,7512031092,65045507145
4214.32,7512338671,65118868279
4214.33,7512660781,65195900649
4214.34,7513634107,65269269478
4214.35,7513960523,65346315133
4214.36,7514250879,65419694978
4214.37,7514595055,65496746974
4214.38,7514889986,65570133057
4214.39,7515227973,65647191712
4214.4,7515537166,65720584060
4214.41,7515870310,65797649337
4214.42,7516171430,65871047892
4214.43,7516500267,65948119636
4214.44,7516816457,66021524422
4214.45,7517130225,66098602627
4214.46,7517429193,66172013465
4214.47,7517757492,66249098053
4214.48,7518058343,66322515014
4214.49,7518356235,66399605912
4214.5,7518655202,66473028741
4214.51,7518950672,66546454491
4214.52,7519270360,66623554693
4214.53,7519548607,66696986390
4214.54,7519897896,66774092898
4214.55,7520191212,66847530730
4214.56,7520518166,66924643697
4214.57,7520822516,66998087676
4214.58,7521144357,67075207055
4214.59,7521434444,67148657055
4214.6,7521769202,67225782714
4214.61,7522064671,67299238865
4214.62,7522383283,67376371042
4214.63,7522686018,67449833212
4214.64,7523166895,67526972943
4214.65,7523485238,67600442864
4214.66,7523821072,67677589651
4214.67,7524135109,67751065900
4214.68,7524470405,67828219277
4214.69,7524773409,67901701797
4214.7,7525125658,67978861822
4214.71,7525440233,68052350820
4214.72,7525776336,68129517635
4214.73,7526068307,68203012929
4214.74,7526424862,68280186358
4214.75,7526744550,68353688078
4214.76,7527071504,68427193003
4214.77,7527397919,68504376511
4214.78,7527707920,68577887652
4214.79,7528029492,68655077631
4214.8,7528349180,68728595015
4214.81,7528681247,68805791651
4214.82,7529013313,68879315443
4214.83,7529361526,68956518851
4214.84,7529705702,69030049374
4214.85,7530032386,69107259845
4214.86,7530364184,69180796792
4214.87,7530722084,69258014187
4214.88,7531081330,69331558029
4214.89,7531423084,69408782688
4214.9,7531776140,69482333333
4214.91,7532115472,69559565102
4214.92,7532461263,69633122492
4214.93,7532820239,69710361324
4214.94,7533161724,69783925619
4214.95,7533502671,69861171571
4214.96,7533839043,69934742505
4214.97,7534168419,70011995457
4214.98,7534494027,70085572817
4214.99,7534806450,70162832308
4215,7535138786,70236415939
